case,cavities,material_type,molde_area,costs,complexity,subcontracting,num_peca,start_timestamp,time:timestamp,activity,org:resource
2696,1,PA6.6-GF40,Automovel,41000,3,0,900,2014-11-13 10:35:04,2014-11-13 12:30:11,Estrutura,User 25
2696,1,PA6.6-GF40,Automovel,41000,3,0,900,2014-11-13 12:07:09,2014-11-13 12:08:28,Fresagem,User 71
2696,1,PA6.6-GF40,Automovel,41000,3,0,900,2014-11-13 13:30:48,2014-11-13 17:00:34,Preliminares,User 25
2696,1,PA6.6-GF40,Automovel,41000,3,0,900,2014-11-13 13:35:53,2014-11-13 13:36:34,Fresagem,User 71
2696,1,PA6.6-GF40,Automovel,41000,3,0,900,2014-11-14 08:00:19,2014-11-14 12:29:53,Preliminares,User 25
2696,1,PA6.6-GF40,Automovel,41000,3,0,900,2014-11-14 10:32:41,2014-11-14 12:29:53,Estudos Reologicos,User 22
2696,1,PA6.6-GF40,Automovel,41000,3,0,900,2014-11-14 13:30:17,2014-11-14 22:11:37,Preliminares,User 25
2696,1,PA6.6-GF40,Automovel,41000,3,0,900,2014-11-17 10:35:35,2014-11-17 12:29:53,Estrutura,User 25
2696,1,PA6.6-GF40,Automovel,41000,3,0,900,2014-11-17 13:27:09,2014-11-17 19:00:50,Preliminares,User 25
2696,1,PA6.6-GF40,Automovel,41000,3,0,900,2014-11-18 07:52:42,2014-11-18 08:37:40,Estrutura,User 22
2696,1,PA6.6-GF40,Automovel,41000,3,0,900,2014-11-18 08:00:12,2014-11-18 12:30:03,Preliminares,User 25
2696,1,PA6.6-GF40,Automovel,41000,3,0,900,2014-11-18 11:06:17,2014-11-18 11:24:45,Pecas,User 22
2696,1,PA6.6-GF40,Automovel,41000,3,0,900,2014-11-18 13:28:28,2014-11-19 08:13:35,Preliminares,User 25
2696,1,PA6.6-GF40,Automovel,41000,3,0,900,2014-11-19 11:40:53,2014-11-19 12:29:50,Estrutura,User 22
2696,1,PA6.6-GF40,Automovel,41000,3,0,900,2014-11-19 13:19:03,2014-11-20 11:28:25,Preliminares,User 25
2696,1,PA6.6-GF40,Automovel,41000,3,0,900,2014-11-19 16:38:31,2014-11-20 19:25:51,Estrutura,User 25
2696,1,PA6.6-GF40,Automovel,41000,3,0,900,2014-11-20 13:30:32,2014-11-22 18:14:54,Preliminares,User 25
2696,1,PA6.6-GF40,Automovel,41000,3,0,900,2014-11-25 15:20:08,2014-11-25 17:00:14,Estrutura,User 25
2696,1,PA6.6-GF40,Automovel,41000,3,0,900,2014-11-26 07:56:41,2014-11-29 05:32:42,Preliminares,User 25
2696,1,PA6.6-GF40,Automovel,41000,3,0,900,2014-11-28 09:35:07,2014-12-01 13:35:43,Estrutura,User 25
2696,1,PA6.6-GF40,Automovel,41000,3,0,900,2014-12-01 08:02:26,2014-12-04 21:28:59,Preliminares,User 25
2696,1,PA6.6-GF40,Automovel,41000,3,0,900,2014-12-02 08:54:36,2014-12-06 05:55:29,Fresagem,User 74
2696,1,PA6.6-GF40,Automovel,41000,3,0,900,2014-12-02 13:28:33,2014-12-02 17:00:07,Preliminares,User 25
2696,1,PA6.6-GF40,Automovel,41000,3,0,900,2014-12-02 13:32:34,2014-12-06 21:05:22,Fresagem,User 83
2696,1,PA6.6-GF40,Automovel,41000,3,0,900,2014-12-03 07:57:31,2014-12-03 08:11:47,Preliminares,User 25
2696,1,PA6.6-GF40,Automovel,41000,3,0,900,2014-12-03 08:01:44,2014-12-08 14:36:37,Fresagem,User 83
2696,1,PA6.6-GF40,Automovel,41000,3,0,900,2014-12-05 15:55:44,2014-12-05 17:19:50,Torno,User 51
2696,1,PA6.6-GF40,Automovel,41000,3,0,900,2014-12-09 08:31:31,2014-12-09 08:44:39,Preliminares,User 25
2696,1,PA6.6-GF40,Automovel,41000,3,0,900,2014-12-09 09:10:12,2014-12-09 10:35:26,Estrutura,User 25
2696,1,PA6.6-GF40,Automovel,41000,3,0,900,2014-12-09 14:14:27,2014-12-15 03:03:58,Preliminares,User 25
2696,1,PA6.6-GF40,Automovel,41000,3,0,900,2014-12-18 12:14:03,2014-12-18 12:30:03,Estrutura,User 23
2696,1,PA6.6-GF40,Automovel,41000,3,0,900,2014-12-18 14:06:53,2014-12-18 16:31:28,Preliminares,User 23
2696,1,PA6.6-GF40,Automovel,41000,3,0,900,2014-12-19 12:26:26,2014-12-25 01:47:36,Torno,User 51
2696,1,PA6.6-GF40,Automovel,41000,3,0,900,2014-12-29 13:47:26,2015-01-04 05:30:21,Bancada,User 94
2696,1,PA6.6-GF40,Automovel,41000,3,0,900,2015-01-05 12:08:41,2015-01-05 12:29:40,Estrutura,User 25
2696,1,PA6.6-GF40,Automovel,41000,3,0,900,2015-01-06 14:00:54,2015-01-06 15:18:53,Preliminares,User 25
2696,1,PA6.6-GF40,Automovel,41000,3,0,900,2015-01-06 15:11:28,2015-01-13 00:11:07,Bancada,User 92
2696,1,PA6.6-GF40,Automovel,41000,3,0,900,2015-01-13 15:12:12,2015-01-13 16:00:42,Fresagem,User 71
2696,1,PA6.6-GF40,Automovel,41000,3,0,900,2015-01-19 11:32:36,2015-01-27 02:03:12,Bancada,User 8
2696,1,PA6.6-GF40,Automovel,41000,3,0,900,2015-01-23 15:04:37,2015-01-31 12:00:16,Prensa,User 8
2696,1,PA6.6-GF40,Automovel,41000,3,0,900,2015-01-26 09:26:05,2015-02-03 11:50:27,Preliminares,User 77
2696,1,PA6.6-GF40,Automovel,41000,3,0,900,2015-01-26 13:25:15,2015-02-04 00:07:49,Prensa,User 8
2696,1,PA6.6-GF40,Automovel,41000,3,0,900,2015-01-27 10:41:49,2015-02-05 06:44:04,Bancada,User 8
2696,1,PA6.6-GF40,Automovel,41000,3,0,900,2015-01-31 09:22:03,2015-01-31 10:17:05,Estrutura,User 25
2696,1,PA6.6-GF40,Automovel,41000,3,0,900,2015-02-02 08:21:04,2015-02-12 04:07:36,Bancada,User 8
2696,1,PA6.6-GF40,Automovel,41000,3,0,900,2015-02-05 16:34:51,2015-02-05 18:15:24,Fresagem,User 74
2696,1,PA6.6-GF40,Automovel,41000,3,0,900,2015-02-06 08:08:45,2015-02-06 11:21:50,Bancada,User 8
2696,1,PA6.6-GF40,Automovel,41000,3,0,900,2015-02-06 08:58:21,2015-02-06 09:48:35,Fresagem,User 74
2696,1,PA6.6-GF40,Automovel,41000,3,0,900,2015-02-10 09:20:53,2015-02-20 10:32:26,Bancada,User 8
2696,1,PA6.6-GF40,Automovel,41000,3,0,900,2015-02-25 08:05:08,2015-02-25 08:25:45,Estrutura,User 25
2696,1,PA6.6-GF40,Automovel,41000,3,0,900,2015-03-16 11:23:03,2015-03-26 14:15:26,Bancada,User 8
2696,1,PA6.6-GF40,Automovel,41000,3,0,900,2015-03-24 11:04:55,2015-04-03 19:32:17,Pecas,User 24
2696,1,PA6.6-GF40,Automovel,41000,3,0,900,2015-03-30 08:28:26,2015-04-10 17:54:09,Bancada,User 15
2696,1,PA6.6-GF40,Automovel,41000,3,0,900,2015-05-27 10:25:32,2015-05-27 11:48:15,Estrutura,User 25
2696,1,PA6.6-GF40,Automovel,41000,3,0,900,2015-05-27 10:30:30,2015-06-07 21:16:23,Bancada,User 93
2696,1,PA6.6-GF40,Automovel,41000,3,0,900,2015-05-27 13:43:30,2015-05-27 13:43:33,Preliminares,User 25
2696,1,PA6.6-GF40,Automovel,41000,3,0,900,2015-05-27 15:06:19,2015-06-08 04:02:18,Estrutura,User 22
2696,1,PA6.6-GF40,Automovel,41000,3,0,900,2015-06-01 13:31:32,2015-06-13 08:33:17,Preliminares,User 22
2696,1,PA6.6-GF40,Automovel,41000,3,0,900,2015-06-02 10:25:59,2015-06-14 07:56:11,Estrutura,User 25
2696,1,PA6.6-GF40,Automovel,41000,3,0,900,2015-06-08 11:43:27,2015-06-20 10:10:47,Fresagem,User 71
2696,1,PA6.6-GF40,Automovel,41000,3,0,900,2015-06-08 15:48:35,2015-06-20 21:26:07,Bancada,User 64
2696,1,PA6.6-GF40,Automovel,41000,3,0,900,2015-06-09 08:00:08,2015-06-21 15:39:14,Estrutura,User 25
2696,1,PA6.6-GF40,Automovel,41000,3,0,900,2015-06-30 15:21:44,2015-06-30 17:46:20,Bancada,User 14
2696,1,PA6.6-GF40,Automovel,41000,3,0,900,2015-06-30 15:33:58,2015-06-30 15:47:54,Estrutura,User 25
2696,1,PA6.6-GF40,Automovel,41000,3,0,900,2015-07-06 08:52:58,2015-07-06 10:40:13,Bancada,User 93
2696,1,PA6.6-GF40,Automovel,41000,3,0,900,2015-07-06 12:19:37,2015-07-06 12:29:29,Estrutura,User 25
2696,1,PA6.6-GF40,Automovel,41000,3,0,900,2015-07-06 13:29:15,2015-07-06 14:26:30,Preliminares,User 25
2696,1,PA6.6-GF40,Automovel,41000,3,0,900,2015-07-08 09:07:26,2015-07-21 01:50:40,Bancada,User 14
2696,1,PA6.6-GF40,Automovel,41000,3,0,900,2015-07-09 13:45:04,2015-07-09 14:33:09,Fresagem,User 71
2696,1,PA6.6-GF40,Automovel,41000,3,0,900,2015-07-09 16:17:55,2015-07-22 16:03:13,Bancada,User 11
2696,1,PA6.6-GF40,Automovel,41000,3,0,900,2015-07-21 17:59:21,2015-08-03 18:36:44,Pecas,User 24
2696,1,PA6.6-GF40,Automovel,41000,3,0,900,2015-07-27 09:33:50,2015-08-10 05:50:20,Bancada,User 94
2696,1,PA6.6-GF40,Automovel,41000,3,0,900,2015-10-08 13:51:13,2015-10-08 14:57:58,Trabalho Interno,User 70
2696,1,PA6.6-GF40,Automovel,41000,3,0,900,2015-10-08 15:06:08,2015-10-08 18:22:50,Bancada,User 94
2696,1,PA6.6-GF40,Automovel,41000,3,0,900,2015-10-08 18:00:24,2015-10-08 19:04:36,Polimento,User 13
2696,1,PA6.6-GF40,Automovel,41000,3,0,900,2015-10-09 07:53:53,2015-10-09 12:23:01,Bancada,User 94
2696,1,PA6.6-GF40,Automovel,41000,3,0,900,2015-10-09 08:03:29,2015-10-09 08:07:41,Polimento,User 13
2696,1,PA6.6-GF40,Automovel,41000,3,0,900,2015-10-09 11:24:21,2015-10-09 12:27:01,Bancada,User 64
2696,1,PA6.6-GF40,Automovel,41000,3,0,900,2015-10-09 11:55:53,2015-10-09 12:19:21,Fresagem,User 71
2696,1,PA6.6-GF40,Automovel,41000,3,0,900,2015-10-09 13:23:07,2015-10-23 18:45:40,Bancada,User 94
2696,1,PA6.6-GF40,Automovel,41000,3,0,200,2014-12-05 00:26:18,2014-12-05 19:18:20,Desenho Eletrodos,User 52
2696,1,PA6.6-GF40,Automovel,41000,3,0,200,2014-12-12 17:09:34,2014-12-13 14:33:48,Maquinacao de Eletrodos,No User
2696,1,PA6.6-GF40,Automovel,41000,3,0,200,2014-12-12 18:32:36,2014-12-16 02:29:50,Maquinacao,No User
2696,1,PA6.6-GF40,Automovel,41000,3,0,200,2014-12-12 19:47:25,2014-12-17 20:14:25,Maquinacao de Eletrodos,No User
2696,1,PA6.6-GF40,Automovel,41000,3,0,200,2014-12-15 05:15:20,2014-12-22 00:45:53,Maquinacao,User 36
2696,1,PA6.6-GF40,Automovel,41000,3,0,200,2014-12-16 12:28:11,2014-12-23 11:11:36,Torno,User 51
2696,1,PA6.6-GF40,Automovel,41000,3,0,200,2014-12-18 10:00:52,2014-12-25 14:28:59,Maquinacao de Eletrodos,No User
2696,1,PA6.6-GF40,Automovel,41000,3,0,200,2014-12-18 17:51:43,2014-12-25 23:09:21,Fresagem,User 71
2696,1,PA6.6-GF40,Automovel,41000,3,0,200,2014-12-18 19:59:45,2014-12-26 03:27:20,Maquinacao de Eletrodos,No User
2696,1,PA6.6-GF40,Automovel,41000,3,0,200,2014-12-19 09:49:34,2014-12-26 21:08:19,Fresagem,User 71
2696,1,PA6.6-GF40,Automovel,41000,3,0,200,2014-12-19 16:26:56,2014-12-19 20:55:20,CAM,User 43
2696,1,PA6.6-GF40,Automovel,41000,3,0,200,2014-12-20 08:05:37,2014-12-20 12:07:49,Retificacao,User 37
2696,1,PA6.6-GF40,Automovel,41000,3,0,200,2014-12-21 21:36:46,2014-12-22 05:04:44,CAM,User 50
2696,1,PA6.6-GF40,Automovel,41000,3,0,200,2014-12-21 21:39:37,2014-12-29 19:07:18,Maquinacao,No User
2696,1,PA6.6-GF40,Automovel,41000,3,0,200,2014-12-22 08:08:11,2014-12-22 08:08:25,Retificacao,User 37
2696,1,PA6.6-GF40,Automovel,41000,3,0,200,2014-12-22 08:09:28,2014-12-22 08:10:03,Maquinacao,User 43
2696,1,PA6.6-GF40,Automovel,41000,3,0,200,2014-12-22 08:22:26,2014-12-22 08:29:36,Erosao,User 41
2696,1,PA6.6-GF40,Automovel,41000,3,0,200,2014-12-22 08:32:36,2014-12-30 10:15:58,Maquinacao,No User
2696,1,PA6.6-GF40,Automovel,41000,3,0,200,2014-12-23 12:12:32,2015-01-04 00:35:28,Erosao,User 42
2696,1,PA6.6-GF40,Automovel,41000,3,0,200,2015-01-05 14:48:07,2015-01-17 23:53:18,Fio,No User
2696,1,PA6.6-GF40,Automovel,41000,3,0,200,2015-01-08 13:30:25,2015-01-21 23:17:13,Maquinacao,No User
2696,1,PA6.6-GF40,Automovel,41000,3,0,200,2015-01-12 10:34:00,2015-01-26 11:29:30,Erosao,User 40
2696,1,PA6.6-GF40,Automovel,41000,3,0,200,2015-01-13 10:52:07,2015-01-27 17:07:09,Maquinacao de Eletrodos,User 39
2696,1,PA6.6-GF40,Automovel,41000,3,0,200,2015-01-13 14:36:23,2015-01-28 11:22:33,Polimento,User 85
2696,1,PA6.6-GF40,Automovel,41000,3,0,200,2015-01-15 08:47:30,2015-01-30 10:35:52,Fio,No User
2696,1,PA6.6-GF40,Automovel,41000,3,0,200,2015-01-15 10:27:48,2015-01-15 12:30:56,Polimento,User 85
2696,1,PA6.6-GF40,Automovel,41000,3,0,200,2015-01-15 10:39:00,2015-01-15 11:14:00,Fio,No User
2696,1,PA6.6-GF40,Automovel,41000,3,0,200,2015-01-15 13:31:14,2015-01-15 14:30:00,Polimento,User 85
2696,1,PA6.6-GF40,Automovel,41000,3,0,200,2015-01-15 13:33:11,2015-01-15 14:11:32,Fio,User 38
2696,1,PA6.6-GF40,Automovel,41000,3,0,200,2015-01-15 14:30:00,2015-01-15 15:55:28,Polimento,User 85
2696,1,PA6.6-GF40,Automovel,41000,3,0,200,2015-01-21 12:27:00,2015-02-05 19:05:30,Fresagem,User 71
2696,1,PA6.6-GF40,Automovel,41000,3,0,200,2015-01-23 08:53:35,2015-01-23 09:24:18,Polimento,User 85
2696,1,PA6.6-GF40,Automovel,41000,3,0,200,2015-01-28 14:02:22,2015-01-28 14:48:59,Desenho Eletrodos,User 43
2696,1,PA6.6-GF40,Automovel,41000,3,0,200,2015-01-28 14:36:48,2015-01-28 16:57:55,Bancada,User 76
2696,1,PA6.6-GF40,Automovel,41000,3,0,200,2015-01-28 15:01:33,2015-02-12 22:17:45,Maquinacao de Eletrodos,No User
2696,1,PA6.6-GF40,Automovel,41000,3,0,200,2015-01-29 07:57:56,2015-01-29 09:25:01,Bancada,User 76
2696,1,PA6.6-GF40,Automovel,41000,3,0,200,2015-01-29 09:18:00,2015-02-13 19:35:09,Erosao,No User
2696,1,PA6.6-GF40,Automovel,41000,3,0,200,2015-02-02 13:47:08,2015-02-02 16:53:12,Fresagem,User 71
2696,1,PA6.6-GF40,Automovel,41000,3,0,200,2015-02-03 13:39:37,2015-02-19 00:56:27,Polimento,User 13
2696,1,PA6.6-GF40,Automovel,41000,3,0,200,2015-04-02 19:43:01,2015-04-18 09:24:18,Desenho Eletrodos,User 43
2696,1,PA6.6-GF40,Automovel,41000,3,0,200,2015-04-06 18:51:15,2015-04-22 11:12:58,Maquinacao de Eletrodos,No User
2696,1,PA6.6-GF40,Automovel,41000,3,0,200,2015-04-08 12:21:00,2015-04-24 14:25:27,Erosao,No User
2696,1,PA6.6-GF40,Automovel,41000,3,0,200,2015-04-09 10:31:16,2015-04-09 11:04:34,Desenho Eletrodos,User 43
2696,1,PA6.6-GF40,Automovel,41000,3,0,200,2015-04-09 13:44:00,2015-04-25 15:59:27,Erosao,No User
2696,1,PA6.6-GF40,Automovel,41000,3,0,200,2015-04-09 15:36:59,2015-04-25 21:38:38,Polimento,User 106
2696,1,PA6.6-GF40,Automovel,41000,3,0,200,2015-05-29 20:37:12,2015-06-15 06:11:24,Maquinacao de Eletrodos,No User
2696,1,PA6.6-GF40,Automovel,41000,3,0,200,2015-06-09 08:08:55,2015-06-09 11:50:57,Polimento,User 106
2696,1,PA6.6-GF40,Automovel,41000,3,0,200,2015-07-07 11:12:11,2015-07-23 21:47:04,Maquinacao de Eletrodos,No User
2696,1,PA6.6-GF40,Automovel,41000,3,0,200,2015-07-07 16:22:00,2015-07-24 11:39:30,Erosao,User 39
2696,1,PA6.6-GF40,Automovel,41000,3,0,200,2015-07-14 11:33:06,2015-07-14 12:16:15,Polimento,User 13
2696,1,PA6.6-GF40,Automovel,41000,3,0,200,2015-07-27 11:12:50,2015-08-13 07:07:03,Maquinacao de Eletrodos,No User
2696,1,PA6.6-GF40,Automovel,41000,3,0,200,2015-07-27 15:55:32,2015-07-27 17:49:32,Erosao,User 41
2696,1,PA6.6-GF40,Automovel,41000,3,0,12,2014-12-10 08:08:10,2014-12-10 09:29:18,Torno,User 51
2696,1,PA6.6-GF40,Automovel,41000,3,0,12,2015-01-05 08:15:26,2015-01-05 09:46:08,Retificacao,User 65
2696,1,PA6.6-GF40,Automovel,41000,3,0,81,2014-12-10 08:10:33,2014-12-10 20:36:27,Fresagem,User 72
2696,1,PA6.6-GF40,Automovel,41000,3,0,81,2014-12-11 08:37:42,2014-12-11 11:58:04,Desenho Eletrodos,User 52
2696,1,PA6.6-GF40,Automovel,41000,3,0,81,2014-12-11 13:33:56,2014-12-11 14:16:30,Fresagem,User 72
2696,1,PA6.6-GF40,Automovel,41000,3,0,81,2014-12-16 07:45:04,2014-12-16 20:55:37,Maquinacao de Eletrodos,No User
2696,1,PA6.6-GF40,Automovel,41000,3,0,81,2014-12-17 17:45:21,2014-12-18 09:43:05,Retificacao,User 37
2696,1,PA6.6-GF40,Automovel,41000,3,0,81,2014-12-20 08:46:36,2014-12-21 09:22:16,CAM,User 52
2696,1,PA6.6-GF40,Automovel,41000,3,0,81,2015-01-06 06:48:47,2015-01-08 09:18:15,Maquinacao,No User
2696,1,PA6.6-GF40,Automovel,41000,3,0,81,2015-01-07 15:18:42,2015-01-10 02:07:45,Erosao,User 40
2696,1,PA6.6-GF40,Automovel,41000,3,0,81,2015-01-12 18:03:07,2015-01-15 10:35:47,Polimento,User 85
2696,1,PA6.6-GF40,Automovel,41000,3,0,81,2015-01-30 10:56:00,2015-02-02 04:59:02,Erosao,User 40
2696,1,PA6.6-GF40,Automovel,41000,3,0,81,2015-02-06 09:25:39,2015-02-06 09:58:35,Fresagem,User 71
2696,1,PA6.6-GF40,Automovel,41000,3,0,81,2015-04-06 20:47:23,2015-04-06 21:10:53,Maquinacao de Eletrodos,No User
2696,1,PA6.6-GF40,Automovel,41000,3,0,81,2015-04-10 11:02:00,2015-04-13 06:55:59,Erosao,No User
2696,1,PA6.6-GF40,Automovel,41000,3,0,81,2015-06-08 11:30:43,2015-06-11 08:02:15,Maquinacao de Eletrodos,No User
2696,1,PA6.6-GF40,Automovel,41000,3,0,62,2014-12-10 15:15:55,2014-12-10 17:44:38,Retificacao,User 65
2696,1,PA6.6-GF40,Automovel,41000,3,0,80,2014-12-11 03:33:50,2014-12-11 04:35:45,Desenho Eletrodos,User 43
2696,1,PA6.6-GF40,Automovel,41000,3,0,80,2014-12-11 11:28:36,2014-12-11 15:40:05,Fresagem,User 83
2696,1,PA6.6-GF40,Automovel,41000,3,0,80,2014-12-11 19:21:16,2014-12-11 19:50:19,Maquinacao,No User
2696,1,PA6.6-GF40,Automovel,41000,3,0,80,2014-12-12 08:11:02,2014-12-12 16:57:55,Fresagem,User 72
2696,1,PA6.6-GF40,Automovel,41000,3,0,80,2014-12-12 14:32:31,2014-12-12 15:03:55,Furacao,User 65
2696,1,PA6.6-GF40,Automovel,41000,3,0,80,2014-12-14 12:18:08,2014-12-15 01:17:43,Maquinacao de Eletrodos,No User
2696,1,PA6.6-GF40,Automovel,41000,3,0,80,2014-12-19 06:31:52,2014-12-19 13:00:42,CAM,User 50
2696,1,PA6.6-GF40,Automovel,41000,3,0,80,2014-12-20 08:40:16,2014-12-23 09:32:24,Maquinacao,No User
2696,1,PA6.6-GF40,Automovel,41000,3,0,80,2015-01-08 14:41:00,2015-01-12 03:26:33,Erosao,User 40
2696,1,PA6.6-GF40,Automovel,41000,3,0,80,2015-01-12 15:19:41,2015-01-12 18:03:07,Polimento,User 85
2696,1,PA6.6-GF40,Automovel,41000,3,0,80,2015-05-26 14:27:04,2015-05-26 17:05:04,Desenho Eletrodos,User 50
2696,1,PA6.6-GF40,Automovel,41000,3,0,80,2015-05-27 17:38:07,2015-05-31 07:25:37,Maquinacao de Eletrodos,No User
2696,1,PA6.6-GF40,Automovel,41000,3,0,80,2015-06-08 14:41:40,2015-06-08 15:44:43,Polimento,User 106
2696,1,PA6.6-GF40,Automovel,41000,3,0,82,2014-12-11 07:14:52,2014-12-11 08:37:38,Desenho Eletrodos,User 52
2696,1,PA6.6-GF40,Automovel,41000,3,0,82,2014-12-11 14:16:30,2014-12-12 01:25:32,Fresagem,User 72
2696,1,PA6.6-GF40,Automovel,41000,3,0,82,2014-12-14 16:30:56,2014-12-14 17:54:55,Maquinacao de Eletrodos,No User
2696,1,PA6.6-GF40,Automovel,41000,3,0,82,2014-12-15 08:04:58,2014-12-15 08:23:08,Furacao,User 65
2696,1,PA6.6-GF40,Automovel,41000,3,0,82,2014-12-17 13:30:28,2014-12-18 06:39:07,Retificacao,User 37
2696,1,PA6.6-GF40,Automovel,41000,3,0,82,2014-12-19 13:32:52,2014-12-20 09:34:44,CAM,User 43
2696,1,PA6.6-GF40,Automovel,41000,3,0,82,2014-12-19 23:14:10,2014-12-21 01:38:26,Maquinacao,No User
2696,1,PA6.6-GF40,Automovel,41000,3,0,82,2014-12-22 13:50:00,2014-12-23 20:38:22,Erosao,User 40
2696,1,PA6.6-GF40,Automovel,41000,3,0,82,2015-01-28 10:41:08,2015-01-29 19:30:23,Fresagem,User 71
2696,1,PA6.6-GF40,Automovel,41000,3,0,82,2015-04-02 18:51:20,2015-04-02 19:42:37,Desenho Eletrodos,User 43
2696,1,PA6.6-GF40,Automovel,41000,3,0,82,2015-04-06 21:10:54,2015-04-06 22:53:37,Maquinacao de Eletrodos,No User
2696,1,PA6.6-GF40,Automovel,41000,3,0,82,2015-04-07 18:57:00,2015-04-09 16:48:13,Erosao,No User
2696,1,PA6.6-GF40,Automovel,41000,3,0,82,2015-06-08 13:52:59,2015-06-10 12:19:31,Maquinacao de Eletrodos,No User
2696,1,PA6.6-GF40,Automovel,41000,3,0,82,2015-06-15 15:09:34,2015-06-17 19:35:08,Fresagem,User 74
2696,1,PA6.6-GF40,Automovel,41000,3,0,82,2015-06-29 22:23:16,2015-06-29 22:33:59,CAM,User 50
2696,1,PA6.6-GF40,Automovel,41000,3,0,82,2015-06-30 02:21:36,2015-07-02 08:21:18,Maquinacao,No User
2696,1,PA6.6-GF40,Automovel,41000,3,0,82,2015-06-30 22:59:49,2015-06-30 23:57:21,CAM,User 50
2696,1,PA6.6-GF40,Automovel,41000,3,0,82,2015-06-30 23:58:50,2015-07-01 00:13:53,Desenho Eletrodos,User 50
2696,1,PA6.6-GF40,Automovel,41000,3,0,82,2015-07-01 04:10:05,2015-07-03 15:23:45,Maquinacao,No User
2696,1,PA6.6-GF40,Automovel,41000,3,0,82,2015-07-05 13:37:05,2015-07-08 05:27:17,Maquinacao de Eletrodos,No User
2696,1,PA6.6-GF40,Automovel,41000,3,0,413,2014-12-11 10:02:13,2014-12-11 13:32:02,Retificacao,User 65
2696,1,PA6.6-GF40,Automovel,41000,3,0,56,2014-12-11 15:20:34,2014-12-11 17:09:14,Retificacao,User 65
2696,1,PA6.6-GF40,Automovel,41000,3,0,56,2015-07-09 11:35:56,2015-07-09 17:07:48,Fresagem,User 74
2696,1,PA6.6-GF40,Automovel,41000,3,0,100,2014-12-11 16:33:13,2014-12-12 10:17:11,Maquinacao,User 80
2696,1,PA6.6-GF40,Automovel,41000,3,0,100,2014-12-12 05:33:36,2014-12-12 08:15:42,Maquinacao de Eletrodos,No User
2696,1,PA6.6-GF40,Automovel,41000,3,0,100,2014-12-12 06:04:28,2014-12-13 00:52:17,Maquinacao,No User
2696,1,PA6.6-GF40,Automovel,41000,3,0,100,2014-12-12 07:54:34,2014-12-13 05:42:00,Maquinacao de Eletrodos,No User
2696,1,PA6.6-GF40,Automovel,41000,3,0,100,2014-12-12 10:41:00,2014-12-13 08:30:27,Maquinacao,No User
2696,1,PA6.6-GF40,Automovel,41000,3,0,100,2014-12-12 11:08:16,2014-12-12 11:17:51,Maquinacao de Eletrodos,No User
2696,1,PA6.6-GF40,Automovel,41000,3,0,100,2014-12-12 11:11:57,2014-12-13 09:02:18,Maquinacao,User 80
2696,1,PA6.6-GF40,Automovel,41000,3,0,100,2014-12-12 12:24:12,2014-12-13 11:28:02,Maquinacao de Eletrodos,No User
2696,1,PA6.6-GF40,Automovel,41000,3,0,100,2014-12-12 13:10:56,2014-12-12 13:22:57,Maquinacao,User 46
2696,1,PA6.6-GF40,Automovel,41000,3,0,100,2014-12-12 13:23:47,2014-12-13 15:19:09,Maquinacao de Eletrodos,No User
2696,1,PA6.6-GF40,Automovel,41000,3,0,100,2014-12-12 14:01:59,2014-12-13 16:12:06,Maquinacao,User 46
2696,1,PA6.6-GF40,Automovel,41000,3,0,100,2014-12-12 14:35:23,2014-12-13 17:33:44,Maquinacao de Eletrodos,No User
2696,1,PA6.6-GF40,Automovel,41000,3,0,100,2014-12-15 07:09:13,2014-12-15 10:40:03,Maquinacao,User 46
2696,1,PA6.6-GF40,Automovel,41000,3,0,100,2014-12-15 08:36:41,2014-12-17 02:27:37,Maquinacao de Eletrodos,No User
2696,1,PA6.6-GF40,Automovel,41000,3,0,100,2014-12-16 14:01:33,2014-12-16 15:43:33,Torno,User 51
2696,1,PA6.6-GF40,Automovel,41000,3,0,100,2014-12-16 15:03:47,2014-12-18 11:53:12,Maquinacao de Eletrodos,No User
2696,1,PA6.6-GF40,Automovel,41000,3,0,100,2014-12-16 15:43:33,2014-12-16 18:06:43,Torno,User 51
2696,1,PA6.6-GF40,Automovel,41000,3,0,100,2014-12-16 16:12:36,2014-12-18 20:47:01,Maquinacao de Eletrodos,No User
2696,1,PA6.6-GF40,Automovel,41000,3,0,100,2014-12-18 05:33:34,2014-12-18 12:29:26,CAM,User 50
2696,1,PA6.6-GF40,Automovel,41000,3,0,100,2014-12-18 14:11:16,2014-12-21 05:45:37,Maquinacao,No User
2696,1,PA6.6-GF40,Automovel,41000,3,0,100,2014-12-18 18:41:14,2014-12-18 19:07:52,Fresagem,User 71
2696,1,PA6.6-GF40,Automovel,41000,3,0,100,2014-12-18 18:52:38,2014-12-21 10:48:53,Maquinacao,No User
2696,1,PA6.6-GF40,Automovel,41000,3,0,100,2014-12-18 19:26:37,2014-12-18 19:44:00,Maquinacao de Eletrodos,No User
2696,1,PA6.6-GF40,Automovel,41000,3,0,100,2014-12-18 19:30:45,2014-12-21 11:38:09,Maquinacao,No User
2696,1,PA6.6-GF40,Automovel,41000,3,0,100,2014-12-18 19:44:01,2014-12-18 19:59:44,Maquinacao de Eletrodos,No User
2696,1,PA6.6-GF40,Automovel,41000,3,0,100,2014-12-18 19:45:10,2014-12-21 14:02:43,Maquinacao,User 52
2696,1,PA6.6-GF40,Automovel,41000,3,0,100,2014-12-18 21:41:45,2014-12-19 05:01:50,CAM,User 52
2696,1,PA6.6-GF40,Automovel,41000,3,0,100,2014-12-18 22:42:47,2014-12-21 23:40:49,Maquinacao,No User
2696,1,PA6.6-GF40,Automovel,41000,3,0,100,2014-12-19 08:06:16,2014-12-19 08:48:03,Fresagem,User 71
2696,1,PA6.6-GF40,Automovel,41000,3,0,100,2014-12-19 08:13:38,2014-12-22 13:53:31,Maquinacao,No User
2696,1,PA6.6-GF40,Automovel,41000,3,0,100,2014-12-19 15:21:43,2014-12-19 16:59:51,Erosao,User 41
2696,1,PA6.6-GF40,Automovel,41000,3,0,100,2014-12-19 15:28:58,2014-12-23 02:51:01,Maquinacao,No User
2696,1,PA6.6-GF40,Automovel,41000,3,0,100,2014-12-20 11:32:22,2014-12-20 12:35:19,Erosao,User 41
2696,1,PA6.6-GF40,Automovel,41000,3,0,100,2014-12-21 20:50:27,2014-12-21 20:50:28,CAM,User 50
2696,1,PA6.6-GF40,Automovel,41000,3,0,100,2014-12-22 08:03:36,2014-12-22 08:22:26,Erosao,User 41
2696,1,PA6.6-GF40,Automovel,41000,3,0,100,2014-12-22 08:09:37,2014-12-22 09:43:19,Retificacao,User 37
2696,1,PA6.6-GF40,Automovel,41000,3,0,100,2014-12-22 08:29:36,2014-12-22 10:33:36,Erosao,User 41
2696,1,PA6.6-GF40,Automovel,41000,3,0,100,2015-01-07 11:41:00,2015-01-11 10:16:49,Fio,User 38
2696,1,PA6.6-GF40,Automovel,41000,3,0,100,2015-01-12 15:37:26,2015-01-12 17:20:48,CAM,User 52
2696,1,PA6.6-GF40,Automovel,41000,3,0,100,2015-01-13 00:03:59,2015-01-17 01:24:53,Maquinacao,No User
2696,1,PA6.6-GF40,Automovel,41000,3,0,100,2015-01-13 14:43:17,2015-01-18 00:19:15,Erosao,User 41
2696,1,PA6.6-GF40,Automovel,41000,3,0,100,2015-01-15 09:10:46,2015-01-19 19:12:26,Maquinacao de Eletrodos,No User
2696,1,PA6.6-GF40,Automovel,41000,3,0,100,2015-01-16 08:05:36,2015-01-21 01:14:50,Polimento,User 85
2696,1,PA6.6-GF40,Automovel,41000,3,0,100,2015-01-21 17:30:38,2015-01-21 17:53:24,Fresagem,User 71
2696,1,PA6.6-GF40,Automovel,41000,3,0,100,2015-02-02 09:28:00,2015-02-07 16:06:49,Erosao,User 42
2696,1,PA6.6-GF40,Automovel,41000,3,0,100,2015-02-02 13:49:36,2015-02-07 23:39:17,Maquinacao de Eletrodos,No User
2696,1,PA6.6-GF40,Automovel,41000,3,0,100,2015-02-02 16:14:00,2015-02-08 02:15:41,Erosao,No User
2696,1,PA6.6-GF40,Automovel,41000,3,0,100,2015-02-02 16:53:12,2015-02-02 19:10:29,Fresagem,User 71
2696,1,PA6.6-GF40,Automovel,41000,3,0,100,2015-02-02 18:53:53,2015-02-02 19:02:26,Erosao,User 42
2696,1,PA6.6-GF40,Automovel,41000,3,0,100,2015-02-03 08:10:38,2015-02-03 09:37:01,Fresagem,User 71
2696,1,PA6.6-GF40,Automovel,41000,3,0,100,2015-02-03 09:23:50,2015-02-08 22:25:08,Polimento,User 85
2696,1,PA6.6-GF40,Automovel,41000,3,0,100,2015-02-11 08:27:48,2015-02-16 22:04:10,Maquinacao de Eletrodos,No User
2696,1,PA6.6-GF40,Automovel,41000,3,0,100,2015-02-11 08:49:00,2015-02-17 01:49:00,Erosao,User 42
2696,1,PA6.6-GF40,Automovel,41000,3,0,100,2015-04-02 13:58:04,2015-04-02 18:50:42,Desenho Eletrodos,User 43
2696,1,PA6.6-GF40,Automovel,41000,3,0,100,2015-04-06 17:41:13,2015-04-12 12:04:28,Maquinacao de Eletrodos,No User
2696,1,PA6.6-GF40,Automovel,41000,3,0,100,2015-04-10 12:14:57,2015-04-16 12:15:18,Erosao,User 97
2696,1,PA6.6-GF40,Automovel,41000,3,0,100,2015-04-13 09:03:09,2015-04-13 09:29:00,Polimento,User 106
2696,1,PA6.6-GF40,Automovel,41000,3,0,100,2015-05-29 19:34:29,2015-06-04 22:42:55,Maquinacao de Eletrodos,No User
2696,1,PA6.6-GF40,Automovel,41000,3,0,100,2015-06-30 21:02:23,2015-06-30 21:25:55,Desenho Eletrodos,User 50
2696,1,PA6.6-GF40,Automovel,41000,3,0,100,2015-07-07 11:00:20,2015-07-13 14:59:29,Maquinacao de Eletrodos,No User
2696,1,PA6.6-GF40,Automovel,41000,3,0,100,2015-07-07 14:47:00,2015-07-13 21:18:29,Erosao,User 39
2696,1,PA6.6-GF40,Automovel,41000,3,0,100,2015-07-10 08:05:10,2015-07-10 08:34:34,Polimento,User 106
2696,1,PA6.6-GF40,Automovel,41000,3,0,100,2016-04-07 11:21:00,2016-04-13 20:12:29,Erosao,No User
2696,1,PA6.6-GF40,Automovel,41000,3,0,7,2014-12-11 19:53:20,2014-12-12 02:58:48,Maquinacao,No User
2696,1,PA6.6-GF40,Automovel,41000,3,0,8,2014-12-12 08:07:21,2014-12-12 13:25:52,Maquinacao,User 36
2696,1,PA6.6-GF40,Automovel,41000,3,0,61,2014-12-12 08:55:17,2014-12-12 13:02:29,Retificacao,User 65
2696,1,PA6.6-GF40,Automovel,41000,3,0,32,2014-12-17 15:21:15,2014-12-17 17:06:32,Torno,User 51
2696,1,PA6.6-GF40,Automovel,41000,3,0,354,2014-12-17 16:06:52,2014-12-17 18:13:13,Torno,User 51
2696,1,PA6.6-GF40,Automovel,41000,3,0,334,2014-12-18 12:07:38,2014-12-18 12:37:40,Torno,User 51
2696,1,PA6.6-GF40,Automovel,41000,3,0,335,2014-12-18 15:07:26,2014-12-18 16:12:05,Torno,User 51
2696,1,PA6.6-GF40,Automovel,41000,3,0,359,2014-12-18 16:12:05,2014-12-18 17:44:27,Torno,User 51
2696,1,PA6.6-GF40,Automovel,41000,3,0,359,2014-12-19 13:41:00,2014-12-19 22:22:30,Erosao,User 40
2696,1,PA6.6-GF40,Automovel,41000,3,0,360,2014-12-18 17:44:27,2014-12-18 18:38:57,Torno,User 51
2696,1,PA6.6-GF40,Automovel,41000,3,0,410,2014-12-18 18:38:57,2014-12-18 21:53:17,Torno,User 51
2696,1,PA6.6-GF40,Automovel,41000,3,0,13,2014-12-23 08:52:41,2014-12-23 11:38:24,Retificacao,User 65
2696,1,PA6.6-GF40,Automovel,41000,3,0,20,2015-01-06 15:20:27,2015-01-06 19:19:30,Fio,No User
2696,1,PA6.6-GF40,Automovel,41000,3,0,0,2015-01-13 13:26:15,2015-01-14 11:39:11,Erosao,User 40
2696,1,PA6.6-GF40,Automovel,41000,3,0,9,2015-01-22 12:22:25,2015-01-22 14:28:09,Retificacao,User 37
2696,1,PA6.6-GF40,Automovel,41000,3,0,9,2015-01-29 00:03:25,2015-01-29 05:22:25,Maquinacao,No User
2696,1,PA6.6-GF40,Automovel,41000,3,0,6,2015-02-02 15:38:52,2015-02-02 16:47:26,Furacao,User 65
2734,2,PA66 GF40,Automovel,67000,3,0,900,2015-03-19 11:55:10,2015-03-19 12:29:50,Estrutura,User 25
2734,2,PA66 GF40,Automovel,67000,3,0,900,2015-03-19 13:27:08,2015-03-20 01:12:21,Preliminares,User 25
2734,2,PA66 GF40,Automovel,67000,3,0,900,2015-03-20 16:13:41,2015-03-21 04:30:37,Estrutura,User 25
2734,2,PA66 GF40,Automovel,67000,3,0,900,2015-03-21 08:25:13,2015-03-22 08:05:46,Preliminares,User 25
2734,2,PA66 GF40,Automovel,67000,3,0,900,2015-03-24 09:49:39,2015-03-24 12:29:58,Estrutura,User 25
2734,2,PA66 GF40,Automovel,67000,3,0,900,2015-03-24 13:29:04,2015-03-26 08:39:37,Preliminares,User 25
2734,2,PA66 GF40,Automovel,67000,3,0,900,2015-03-26 11:34:43,2015-03-26 12:29:38,Estudos Reologicos,User 22
2734,2,PA66 GF40,Automovel,67000,3,0,900,2015-03-26 13:28:51,2015-03-28 23:54:02,Preliminares,User 25
2734,2,PA66 GF40,Automovel,67000,3,0,900,2015-04-02 08:23:41,2015-04-02 08:38:03,Estudos Reologicos,User 22
2734,2,PA66 GF40,Automovel,67000,3,0,900,2015-04-02 15:32:19,2015-04-05 13:05:55,Preliminares,User 25
2734,2,PA66 GF40,Automovel,67000,3,0,900,2015-04-17 11:48:20,2015-04-17 12:28:47,Estrutura,User 25
2734,2,PA66 GF40,Automovel,67000,3,0,900,2015-04-17 13:30:12,2015-04-21 05:17:31,Preliminares,User 25
2734,2,PA66 GF40,Automovel,67000,3,0,900,2015-04-21 16:04:57,2015-04-21 17:00:05,Estrutura,User 25
2734,2,PA66 GF40,Automovel,67000,3,0,900,2015-04-22 07:59:22,2015-04-26 03:10:31,Preliminares,User 25
2734,2,PA66 GF40,Automovel,67000,3,0,900,2015-04-23 09:20:50,2015-04-23 09:20:51,Pecas,User 70
2734,2,PA66 GF40,Automovel,67000,3,0,900,2015-04-23 09:20:52,2015-04-23 09:20:54,Estrutura,User 70
2734,2,PA66 GF40,Automovel,67000,3,0,900,2015-04-23 09:20:55,2015-04-23 09:34:25,Pecas,User 70
2734,2,PA66 GF40,Automovel,67000,3,0,900,2015-04-24 08:23:58,2015-04-24 09:07:02,Preliminares,User 70
2734,2,PA66 GF40,Automovel,67000,3,0,900,2015-04-24 09:08:24,2015-04-24 12:28:50,Pecas,User 70
2734,2,PA66 GF40,Automovel,67000,3,0,900,2015-04-24 13:26:33,2015-04-28 17:19:23,Preliminares,User 70
2734,2,PA66 GF40,Automovel,67000,3,0,900,2015-04-28 12:25:27,2015-04-28 12:29:49,Estrutura,User 25
2734,2,PA66 GF40,Automovel,67000,3,0,900,2015-04-28 13:29:31,2015-05-02 18:57:19,Preliminares,User 25
2734,2,PA66 GF40,Automovel,67000,3,0,900,2015-04-28 16:01:21,2015-04-28 17:33:46,Trabalho Interno,User 70
2734,2,PA66 GF40,Automovel,67000,3,0,900,2015-04-29 08:06:01,2015-05-03 22:52:20,Preliminares,User 70
2734,2,PA66 GF40,Automovel,67000,3,0,900,2015-05-04 10:28:58,2015-05-09 02:06:03,Trabalho Interno,User 70
2734,2,PA66 GF40,Automovel,67000,3,0,900,2015-05-05 17:03:37,2015-05-10 09:35:14,Estrutura,User 25
2734,2,PA66 GF40,Automovel,67000,3,0,900,2015-05-07 15:43:03,2015-05-12 11:10:58,Preliminares,User 70
2734,2,PA66 GF40,Automovel,67000,3,0,900,2015-05-08 15:35:25,2015-05-08 17:00:09,NÃ£o conformidade,User 70
2734,2,PA66 GF40,Automovel,67000,3,0,900,2015-05-11 13:50:09,2015-05-11 14:12:01,Preliminares,User 70
2734,2,PA66 GF40,Automovel,67000,3,0,900,2015-05-11 14:12:31,2015-05-11 14:23:23,Estrutura,User 70
2734,2,PA66 GF40,Automovel,67000,3,0,900,2015-05-11 14:24:15,2015-05-16 15:43:07,Preliminares,User 70
2734,2,PA66 GF40,Automovel,67000,3,0,900,2015-05-13 08:05:15,2015-05-18 13:34:00,Estrutura,User 25
2734,2,PA66 GF40,Automovel,67000,3,0,900,2015-05-15 13:27:38,2015-05-20 19:02:31,Preliminares,User 22
2734,2,PA66 GF40,Automovel,67000,3,0,900,2015-05-21 14:47:05,2015-05-27 04:53:34,Fresagem,User 71
2734,2,PA66 GF40,Automovel,67000,3,0,900,2015-05-22 16:19:33,2015-05-28 07:05:34,Preliminares,User 70
2734,2,PA66 GF40,Automovel,67000,3,0,900,2015-05-25 08:25:20,2015-05-31 03:12:00,Trabalho Interno,User 70
2734,2,PA66 GF40,Automovel,67000,3,0,900,2015-05-26 14:15:42,2015-06-01 17:01:44,Bancada,User 92
2734,2,PA66 GF40,Automovel,67000,3,0,900,2015-05-28 09:24:58,2015-05-28 10:41:42,Estrutura,User 25
2734,2,PA66 GF40,Automovel,67000,3,0,900,2015-06-02 08:00:14,2015-06-02 09:00:14,Bancada,User 14
2734,2,PA66 GF40,Automovel,67000,3,0,900,2015-06-04 09:30:56,2015-06-04 12:30:22,Estrutura,User 25
2734,2,PA66 GF40,Automovel,67000,3,0,900,2015-06-04 11:25:28,2015-06-04 18:15:28,Bancada,User 93
2734,2,PA66 GF40,Automovel,67000,3,0,900,2015-06-04 13:31:41,2015-06-04 14:23:37,Preliminares,User 25
2734,2,PA66 GF40,Automovel,67000,3,0,900,2015-06-04 16:47:05,2015-06-04 17:33:20,Fresagem,User 71
2734,2,PA66 GF40,Automovel,67000,3,0,900,2015-06-04 17:30:17,2015-06-10 23:46:19,Bancada,User 14
2734,2,PA66 GF40,Automovel,67000,3,0,900,2015-06-05 08:13:49,2015-06-05 12:48:35,Retificacao,User 37
2734,2,PA66 GF40,Automovel,67000,3,0,900,2015-06-05 11:10:37,2015-06-11 21:07:39,Bancada,User 93
2734,2,PA66 GF40,Automovel,67000,3,0,900,2015-06-05 13:45:12,2015-06-12 03:11:04,Retificacao,User 37
2734,2,PA66 GF40,Automovel,67000,3,0,900,2015-06-06 08:38:08,2015-06-13 04:40:30,Bancada,User 8
2734,2,PA66 GF40,Automovel,67000,3,0,900,2015-06-15 10:20:28,2015-06-15 12:13:01,Estrutura,User 25
2734,2,PA66 GF40,Automovel,67000,3,0,900,2015-06-15 10:38:09,2015-06-22 15:02:58,Bancada,User 64
2734,2,PA66 GF40,Automovel,67000,3,0,900,2015-06-15 15:55:46,2015-06-15 17:52:35,Polimento,User 106
2734,2,PA66 GF40,Automovel,67000,3,0,900,2015-06-15 16:27:08,2015-06-23 04:51:39,Bancada,User 14
2734,2,PA66 GF40,Automovel,67000,3,0,900,2015-06-23 08:06:53,2015-06-23 09:50:09,Polimento,User 106
2734,2,PA66 GF40,Automovel,67000,3,0,900,2015-06-25 11:19:49,2015-06-25 12:28:28,Bancada,User 76
2734,2,PA66 GF40,Automovel,67000,3,0,900,2015-06-25 13:54:04,2015-06-25 14:21:20,Fresagem,User 71
2734,2,PA66 GF40,Automovel,67000,3,0,900,2015-06-26 08:05:54,2015-07-04 04:28:08,Bancada,User 92
2734,2,PA66 GF40,Automovel,67000,3,0,900,2015-06-26 15:42:15,2015-06-26 17:29:30,Fresagem,User 74
2734,2,PA66 GF40,Automovel,67000,3,0,900,2015-06-26 16:38:37,2015-06-26 17:02:53,Bancada,User 96
2734,2,PA66 GF40,Automovel,67000,3,0,900,2015-06-26 17:35:00,2015-06-26 18:50:00,Torno,User 51
2734,2,PA66 GF40,Automovel,67000,3,0,900,2015-06-27 08:01:14,2015-07-05 10:57:38,Bancada,User 92
2734,2,PA66 GF40,Automovel,67000,3,0,900,2015-06-27 08:14:49,2015-06-27 08:38:57,Torno,User 51
2734,2,PA66 GF40,Automovel,67000,3,0,900,2015-06-27 08:44:53,2015-06-27 09:48:50,Fresagem,User 74
2734,2,PA66 GF40,Automovel,67000,3,0,900,2015-06-29 08:31:22,2015-07-07 11:41:51,Estrutura,User 25
2734,2,PA66 GF40,Automovel,67000,3,0,900,2015-06-29 18:16:28,2015-07-09 09:34:41,Bancada,User 8
2734,2,PA66 GF40,Automovel,67000,3,0,900,2015-07-20 15:40:44,2015-07-30 11:57:09,Pecas,User 24
2734,2,PA66 GF40,Automovel,67000,3,0,900,2015-07-24 08:09:19,2015-07-24 09:23:22,Bancada,User 86
2734,2,PA66 GF40,Automovel,67000,3,0,900,2015-07-29 10:31:06,2015-07-29 10:48:27,Polimento,User 13
2734,2,PA66 GF40,Automovel,67000,3,0,900,2015-07-29 15:19:38,2015-08-08 23:52:26,Bancada,User 92
2734,2,PA66 GF40,Automovel,67000,3,0,900,2015-09-14 15:38:01,2015-09-14 18:00:27,Estrutura,User 22
2734,2,PA66 GF40,Automovel,67000,3,0,900,2015-09-15 08:01:30,2015-09-15 10:18:59,Preliminares,User 22
2734,2,PA66 GF40,Automovel,67000,3,0,900,2015-09-15 11:32:57,2015-09-15 12:30:59,Estrutura,User 22
2734,2,PA66 GF40,Automovel,67000,3,0,900,2015-09-15 13:29:02,2015-09-15 16:30:14,Preliminares,User 22
2734,2,PA66 GF40,Automovel,67000,3,0,900,2015-09-15 14:03:36,2015-09-15 16:57:39,Bancada,User 64
2734,2,PA66 GF40,Automovel,67000,3,0,900,2015-09-15 16:35:57,2015-09-26 03:25:34,Preliminares,User 22
2734,2,PA66 GF40,Automovel,67000,3,0,900,2015-09-23 09:46:39,2015-09-23 12:34:33,Estrutura,User 27
2734,2,PA66 GF40,Automovel,67000,3,0,900,2015-09-23 13:28:23,2015-09-23 13:28:26,Preliminares,User 27
2734,2,PA66 GF40,Automovel,67000,3,0,900,2015-09-24 12:10:26,2015-10-04 23:50:05,Fresagem,User 71
2734,2,PA66 GF40,Automovel,67000,3,0,900,2015-09-24 15:17:26,2015-10-06 10:50:04,Bancada,User 64
2734,2,PA66 GF40,Automovel,67000,3,0,900,2015-11-25 13:39:02,2015-12-07 15:20:53,Estrutura,User 25
2734,2,PA66 GF40,Automovel,67000,3,0,900,2015-11-26 13:30:27,2015-12-08 16:48:52,Preliminares,User 25
2734,2,PA66 GF40,Automovel,67000,3,0,900,2015-11-27 11:20:46,2015-11-27 12:29:55,Estrutura,User 25
2734,2,PA66 GF40,Automovel,67000,3,0,900,2015-11-27 13:30:01,2015-11-27 13:33:32,Preliminares,User 25
2734,2,PA66 GF40,Automovel,67000,3,0,900,2015-11-28 09:00:22,2015-12-10 17:13:22,Bancada,User 64
2734,2,PA66 GF40,Automovel,67000,3,0,900,2015-11-30 09:53:21,2015-11-30 10:23:28,Fresagem,User 72
2734,2,PA66 GF40,Automovel,67000,3,0,900,2015-12-01 09:53:10,2015-12-01 10:30:19,Estrutura,User 25
2734,2,PA66 GF40,Automovel,67000,3,0,900,2015-12-01 12:16:34,2015-12-13 21:10:33,Fresagem,User 71
2734,2,PA66 GF40,Automovel,67000,3,0,900,2015-12-02 12:08:03,2015-12-02 12:30:04,Estrutura,User 25
2734,2,PA66 GF40,Automovel,67000,3,0,900,2015-12-02 13:38:17,2015-12-02 13:38:20,Preliminares,User 25
2734,2,PA66 GF40,Automovel,67000,3,0,900,2015-12-04 08:01:13,2015-12-17 13:04:55,Bancada,User 15
2734,2,PA66 GF40,Automovel,67000,3,0,900,2015-12-11 15:51:28,2015-12-11 16:27:34,Fresagem,User 74
2734,2,PA66 GF40,Automovel,67000,3,0,200,2015-04-30 05:56:50,2015-04-30 16:40:11,Desenho Eletrodos,User 50
2734,2,PA66 GF40,Automovel,67000,3,0,200,2015-05-17 00:42:52,2015-05-18 02:32:49,Maquinacao de Eletrodos,No User
2734,2,PA66 GF40,Automovel,67000,3,0,200,2015-05-18 21:27:29,2015-05-18 21:27:30,Desenho Eletrodos,User 50
2734,2,PA66 GF40,Automovel,67000,3,0,200,2015-05-19 12:45:00,2015-05-20 16:56:51,Fio,User 40
2734,2,PA66 GF40,Automovel,67000,3,0,200,2015-05-20 08:20:38,2015-05-21 23:25:32,Retificacao,User 37
2734,2,PA66 GF40,Automovel,67000,3,0,200,2015-05-22 05:31:38,2015-05-22 07:52:43,CAM,User 43
2734,2,PA66 GF40,Automovel,67000,3,0,200,2015-05-22 20:04:04,2015-05-24 13:30:43,Maquinacao,User 50
2734,2,PA66 GF40,Automovel,67000,3,0,200,2015-05-22 21:27:01,2015-05-22 22:20:11,CAM,User 50
2734,2,PA66 GF40,Automovel,67000,3,0,200,2015-05-22 21:28:47,2015-05-24 18:19:28,Maquinacao,User 50
2734,2,PA66 GF40,Automovel,67000,3,0,200,2015-05-23 00:16:37,2015-05-23 01:55:47,CAM,User 50
2734,2,PA66 GF40,Automovel,67000,3,0,200,2015-05-23 01:25:50,2015-05-25 00:57:07,Maquinacao,User 50
2734,2,PA66 GF40,Automovel,67000,3,0,200,2015-05-23 04:00:02,2015-05-23 05:01:38,CAM,User 50
2734,2,PA66 GF40,Automovel,67000,3,0,200,2015-05-23 04:11:58,2015-05-26 07:57:04,Maquinacao,No User
2734,2,PA66 GF40,Automovel,67000,3,0,200,2015-05-25 16:47:28,2015-05-25 16:47:31,CAM,User 50
2734,2,PA66 GF40,Automovel,67000,3,0,200,2015-05-25 16:47:31,2015-05-30 05:06:13,Maquinacao,No User
2734,2,PA66 GF40,Automovel,67000,3,0,200,2015-05-27 11:26:19,2015-06-02 06:33:15,Maquinacao de Eletrodos,No User
2734,2,PA66 GF40,Automovel,67000,3,0,200,2015-06-05 11:30:17,2015-06-11 11:07:13,Polimento,User 106
2734,2,PA66 GF40,Automovel,67000,3,0,200,2015-06-08 13:56:32,2015-06-14 20:07:06,Erosao,User 42
2734,2,PA66 GF40,Automovel,67000,3,0,200,2015-06-09 13:37:03,2015-06-15 20:26:47,Maquinacao de Eletrodos,No User
2734,2,PA66 GF40,Automovel,67000,3,0,200,2015-06-09 15:19:00,2015-06-16 00:43:30,Erosao,No User
2734,2,PA66 GF40,Automovel,67000,3,0,200,2015-06-11 14:50:41,2015-06-18 02:41:00,Polimento,User 13
2734,2,PA66 GF40,Automovel,67000,3,0,200,2015-06-12 10:42:00,2015-06-19 01:36:49,Fio,No User
2734,2,PA66 GF40,Automovel,67000,3,0,200,2015-06-23 21:39:52,2015-06-30 16:56:56,Maquinacao,No User
2734,2,PA66 GF40,Automovel,67000,3,0,200,2015-06-24 07:56:18,2015-07-01 05:23:13,Maquinacao de Eletrodos,No User
2734,2,PA66 GF40,Automovel,67000,3,0,200,2015-06-24 08:54:00,2015-06-24 09:02:10,Erosao,No User
2734,2,PA66 GF40,Automovel,67000,3,0,200,2015-06-24 09:00:05,2015-06-24 09:18:31,Maquinacao de Eletrodos,No User
2734,2,PA66 GF40,Automovel,67000,3,0,200,2015-06-24 09:02:02,2015-06-24 12:09:19,Erosao,User 39
2734,2,PA66 GF40,Automovel,67000,3,0,200,2015-06-24 09:14:16,2015-06-24 09:17:46,Maquinacao de Eletrodos,User 42
2734,2,PA66 GF40,Automovel,67000,3,0,200,2015-06-24 09:15:00,2015-06-24 09:22:16,Erosao,No User
2734,2,PA66 GF40,Automovel,67000,3,0,200,2015-06-24 09:22:22,2015-06-24 09:24:09,Maquinacao de Eletrodos,No User
2734,2,PA66 GF40,Automovel,67000,3,0,200,2015-06-24 09:33:00,2015-07-01 07:58:14,Erosao,No User
2734,2,PA66 GF40,Automovel,67000,3,0,200,2015-06-24 11:56:41,2015-07-01 13:18:05,Fresagem,User 71
2734,2,PA66 GF40,Automovel,67000,3,0,200,2015-07-27 17:00:48,2015-08-03 21:59:26,Maquinacao de Eletrodos,No User
2734,2,PA66 GF40,Automovel,67000,3,0,200,2015-07-29 10:08:00,2015-08-06 04:04:51,Erosao,No User
2734,2,PA66 GF40,Automovel,67000,3,0,200,2015-07-30 06:43:07,2015-07-30 07:36:18,Polimento,User 13
2734,2,PA66 GF40,Automovel,67000,3,0,200,2015-09-17 06:09:21,2015-09-25 03:38:57,Desenho Eletrodos,User 43
2734,2,PA66 GF40,Automovel,67000,3,0,200,2015-09-22 21:39:36,2015-10-01 08:06:31,Maquinacao de Eletrodos,No User
2734,2,PA66 GF40,Automovel,67000,3,0,200,2015-09-24 14:49:00,2015-10-03 07:16:33,Erosao,User 97
2734,2,PA66 GF40,Automovel,67000,3,0,200,2015-09-25 08:29:34,2015-10-04 01:11:43,Maquinacao de Eletrodos,No User
2734,2,PA66 GF40,Automovel,67000,3,0,200,2015-09-25 15:11:00,2015-10-04 08:18:15,Erosao,User 97
2734,2,PA66 GF40,Automovel,67000,3,0,200,2015-09-28 14:09:38,2015-10-07 07:33:05,Maquinacao de Eletrodos,No User
2734,2,PA66 GF40,Automovel,67000,3,0,200,2015-09-29 07:52:00,2015-10-08 03:20:37,Erosao,User 97
2734,2,PA66 GF40,Automovel,67000,3,0,200,2015-10-14 11:31:37,2015-10-23 08:14:32,Polimento,User 13
2734,2,PA66 GF40,Automovel,67000,3,0,200,2015-12-02 09:29:24,2015-12-11 08:24:39,Maquinacao de Eletrodos,No User
2734,2,PA66 GF40,Automovel,67000,3,0,200,2015-12-02 17:56:53,2015-12-11 17:00:55,Fio,User 40
2734,2,PA66 GF40,Automovel,67000,3,0,200,2015-12-02 18:54:31,2015-12-11 19:24:37,Maquinacao de Eletrodos,No User
2734,2,PA66 GF40,Automovel,67000,3,0,200,2015-12-03 08:27:08,2015-12-03 08:59:38,Fio,User 40
2734,2,PA66 GF40,Automovel,67000,3,0,200,2015-12-03 08:32:04,2015-12-12 11:38:40,Erosao,No User
2734,2,PA66 GF40,Automovel,67000,3,0,200,2015-12-03 15:21:00,2015-12-12 20:32:31,Fio,User 40
2734,2,PA66 GF40,Automovel,67000,3,0,200,2015-12-04 14:43:17,2015-12-04 18:01:18,Erosao,User 41
2734,2,PA66 GF40,Automovel,67000,3,0,200,2015-12-04 16:26:31,2015-12-04 16:36:09,Polimento,User 13
2734,2,PA66 GF40,Automovel,67000,3,0,101,2015-05-12 14:15:39,2015-05-12 23:21:57,Maquinacao,No User
2734,2,PA66 GF40,Automovel,67000,3,0,101,2015-07-29 10:48:27,2015-07-29 20:53:14,Polimento,User 13
2734,2,PA66 GF40,Automovel,67000,3,0,100,2015-05-12 20:59:07,2015-05-13 02:08:35,Maquinacao,No User
2734,2,PA66 GF40,Automovel,67000,3,0,100,2015-05-21 08:13:35,2015-05-21 18:18:16,Retificacao,User 37
2734,2,PA66 GF40,Automovel,67000,3,0,100,2015-05-25 16:48:16,2015-05-26 07:06:41,Desenho Eletrodos,User 50
2734,2,PA66 GF40,Automovel,67000,3,0,100,2015-05-26 17:48:38,2015-05-26 20:02:35,CAM,User 50
2734,2,PA66 GF40,Automovel,67000,3,0,100,2015-05-26 20:14:44,2015-05-26 21:02:13,Desenho Eletrodos,User 50
2734,2,PA66 GF40,Automovel,67000,3,0,100,2015-05-27 03:33:19,2015-05-28 11:29:10,Maquinacao,No User
2734,2,PA66 GF40,Automovel,67000,3,0,100,2015-05-27 13:35:29,2015-05-27 15:00:43,CAM,User 50
2734,2,PA66 GF40,Automovel,67000,3,0,100,2015-05-27 13:38:56,2015-05-30 14:08:32,Maquinacao,No User
2734,2,PA66 GF40,Automovel,67000,3,0,100,2015-05-29 10:00:10,2015-05-29 11:00:10,Bancada,User 11
2734,2,PA66 GF40,Automovel,67000,3,0,100,2015-05-29 10:07:04,2015-06-01 13:58:12,Maquinacao,User 50
2734,2,PA66 GF40,Automovel,67000,3,0,100,2015-05-30 12:06:23,2015-06-04 04:43:49,Maquinacao de Eletrodos,No User
2734,2,PA66 GF40,Automovel,67000,3,0,100,2015-06-13 11:19:33,2015-06-18 06:08:54,Polimento,User 106
2734,2,PA66 GF40,Automovel,67000,3,0,100,2015-06-16 11:29:00,2015-06-21 06:37:30,Fio,No User
2734,2,PA66 GF40,Automovel,67000,3,0,100,2015-06-23 09:26:44,2015-06-28 05:11:33,Maquinacao de Eletrodos,No User
2734,2,PA66 GF40,Automovel,67000,3,0,100,2015-06-23 16:24:00,2015-06-28 13:10:34,Erosao,No User
2734,2,PA66 GF40,Automovel,67000,3,0,100,2015-06-24 07:10:08,2015-06-29 05:28:59,Maquinacao de Eletrodos,No User
2734,2,PA66 GF40,Automovel,67000,3,0,100,2015-06-24 16:55:48,2015-06-29 15:17:43,Maquinacao,No User
2734,2,PA66 GF40,Automovel,67000,3,0,100,2015-06-25 09:57:02,2015-06-30 10:32:47,Erosao,No User
2734,2,PA66 GF40,Automovel,67000,3,0,100,2015-07-26 16:11:20,2015-08-01 12:29:11,Maquinacao de Eletrodos,No User
2734,2,PA66 GF40,Automovel,67000,3,0,100,2015-07-28 10:04:00,2015-08-03 10:20:13,Erosao,User 39
2734,2,PA66 GF40,Automovel,67000,3,0,100,2015-07-28 14:47:45,2015-08-03 15:19:04,Maquinacao de Eletrodos,No User
2734,2,PA66 GF40,Automovel,67000,3,0,100,2015-07-28 15:42:00,2015-08-04 14:52:42,Erosao,No User
2734,2,PA66 GF40,Automovel,67000,3,0,100,2015-07-29 11:02:09,2015-08-05 10:46:59,Polimento,User 13
2734,2,PA66 GF40,Automovel,67000,3,0,100,2015-09-17 06:09:28,2015-09-17 06:09:29,Desenho Eletrodos,User 50
2734,2,PA66 GF40,Automovel,67000,3,0,100,2015-09-22 17:05:06,2015-09-30 01:58:53,Maquinacao de Eletrodos,No User
2734,2,PA66 GF40,Automovel,67000,3,0,100,2015-09-23 10:30:00,2015-10-01 02:20:48,Erosao,No User
2734,2,PA66 GF40,Automovel,67000,3,0,100,2015-09-25 08:23:13,2015-10-03 00:26:43,Maquinacao de Eletrodos,No User
2734,2,PA66 GF40,Automovel,67000,3,0,100,2015-09-25 14:49:00,2015-10-03 07:27:52,Erosao,User 97
2734,2,PA66 GF40,Automovel,67000,3,0,100,2015-09-28 12:00:47,2015-10-06 07:34:00,Maquinacao de Eletrodos,No User
2734,2,PA66 GF40,Automovel,67000,3,0,100,2015-09-28 18:02:00,2015-10-06 15:27:15,Erosao,User 97
2734,2,PA66 GF40,Automovel,67000,3,0,100,2015-12-02 09:03:52,2015-12-10 07:20:10,Maquinacao de Eletrodos,No User
2734,2,PA66 GF40,Automovel,67000,3,0,100,2015-12-02 09:49:55,2015-12-10 08:59:22,Erosao,User 97
2734,2,PA66 GF40,Automovel,67000,3,0,100,2015-12-04 12:03:51,2015-12-04 12:28:06,Polimento,User 13
2734,2,PA66 GF40,Automovel,67000,3,0,2,2015-05-14 05:56:23,2015-05-19 07:25:13,Maquinacao,No User
2734,2,PA66 GF40,Automovel,67000,3,0,3,2015-05-15 13:52:13,2015-05-16 08:25:19,Maquinacao,User 36
2734,2,PA66 GF40,Automovel,67000,3,0,3,2015-11-30 16:20:04,2015-11-30 18:18:23,Fresagem,User 72
2734,2,PA66 GF40,Automovel,67000,3,0,9,2015-05-21 22:05:53,2015-05-22 07:56:01,Maquinacao,No User
2734,2,PA66 GF40,Automovel,67000,3,0,5,2015-05-22 00:33:38,2015-05-22 13:26:03,Maquinacao,No User
2734,2,PA66 GF40,Automovel,67000,3,0,201,2015-05-22 04:04:36,2015-05-22 09:13:12,Desenho Eletrodos,User 50
2734,2,PA66 GF40,Automovel,67000,3,0,201,2015-06-04 18:30:58,2015-06-05 06:03:45,Polimento,User 13
2734,2,PA66 GF40,Automovel,67000,3,0,201,2015-07-29 17:55:58,2015-07-29 19:12:15,Erosao,User 39
2734,2,PA66 GF40,Automovel,67000,3,0,201,2015-07-29 19:30:50,2015-07-30 08:59:57,Polimento,User 13
2734,2,PA66 GF40,Automovel,67000,3,0,201,2015-09-23 21:17:04,2015-09-23 21:38:37,CAM,User 50
2734,2,PA66 GF40,Automovel,67000,3,0,201,2015-09-24 00:06:02,2015-09-24 13:50:13,Maquinacao,No User
2734,2,PA66 GF40,Automovel,67000,3,0,201,2015-10-14 10:44:07,2015-10-15 01:33:00,Polimento,User 13
2734,2,PA66 GF40,Automovel,67000,3,0,201,2015-12-02 10:35:30,2015-12-03 02:45:34,Maquinacao de Eletrodos,No User
2734,2,PA66 GF40,Automovel,67000,3,0,201,2015-12-02 11:35:20,2015-12-03 06:14:59,Erosao,User 97
2734,2,PA66 GF40,Automovel,67000,3,0,201,2015-12-04 12:28:06,2015-12-05 08:10:42,Polimento,User 13
2734,2,PA66 GF40,Automovel,67000,3,0,8,2015-05-22 11:12:47,2015-05-22 14:27:10,Maquinacao,No User
2734,2,PA66 GF40,Automovel,67000,3,0,7,2015-05-22 13:20:00,2015-05-22 21:25:52,Maquinacao,No User
2734,2,PA66 GF40,Automovel,67000,3,0,12,2015-06-02 17:29:42,2015-06-02 19:17:34,Torno,User 51
2734,2,PA66 GF40,Automovel,67000,3,0,399,2015-06-04 14:58:45,2015-06-04 16:23:22,Torno,User 51
2734,2,PA66 GF40,Automovel,67000,3,0,13,2015-06-04 15:16:39,2015-06-04 18:44:29,Retificacao,User 99
2734,2,PA66 GF40,Automovel,67000,3,0,360,2015-06-06 10:33:39,2015-06-06 17:34:22,Torno,User 51
2734,2,PA66 GF40,Automovel,67000,3,0,410,2015-06-08 12:02:54,2015-06-08 13:45:25,Torno,User 51
2734,2,PA66 GF40,Automovel,67000,3,0,81,2015-06-08 16:29:48,2015-06-08 17:30:59,CAM,User 50
2734,2,PA66 GF40,Automovel,67000,3,0,81,2015-06-09 15:36:39,2015-06-09 18:26:42,Maquinacao,No User
2734,2,PA66 GF40,Automovel,67000,3,0,81,2015-06-09 20:07:56,2015-06-10 04:55:21,CAM,User 50
2734,2,PA66 GF40,Automovel,67000,3,0,81,2015-06-10 00:27:28,2015-06-10 20:40:24,Maquinacao,No User
2734,2,PA66 GF40,Automovel,67000,3,0,81,2015-06-27 09:03:57,2015-06-28 05:58:46,Polimento,User 13
2734,2,PA66 GF40,Automovel,67000,3,0,81,2015-07-27 10:29:00,2015-07-29 06:47:16,Erosao,User 39
2734,2,PA66 GF40,Automovel,67000,3,0,81,2015-07-28 08:53:36,2015-07-30 06:02:58,Maquinacao de Eletrodos,No User
2734,2,PA66 GF40,Automovel,67000,3,0,81,2015-07-28 15:17:00,2015-07-30 13:11:14,Erosao,No User
2734,2,PA66 GF40,Automovel,67000,3,0,81,2015-07-29 10:19:35,2015-07-29 10:31:06,Polimento,User 13
2734,2,PA66 GF40,Automovel,67000,3,0,81,2015-12-02 11:39:21,2015-12-04 17:49:02,Maquinacao de Eletrodos,No User
2734,2,PA66 GF40,Automovel,67000,3,0,81,2015-12-02 18:18:06,2015-12-05 03:34:34,Erosao,User 39
2734,2,PA66 GF40,Automovel,67000,3,0,80,2015-06-08 17:31:41,2015-06-08 18:19:32,CAM,User 50
2734,2,PA66 GF40,Automovel,67000,3,0,80,2015-06-09 19:42:18,2015-06-09 22:18:38,Maquinacao,No User
2734,2,PA66 GF40,Automovel,67000,3,0,80,2015-06-10 11:49:13,2015-06-10 12:09:49,Desenho Eletrodos,User 50
2734,2,PA66 GF40,Automovel,67000,3,0,80,2015-06-11 09:34:02,2015-06-12 06:37:05,Maquinacao,No User
2734,2,PA66 GF40,Automovel,67000,3,0,80,2015-06-11 20:25:14,2015-06-12 05:06:51,Desenho Eletrodos,User 50
2734,2,PA66 GF40,Automovel,67000,3,0,80,2015-06-11 20:32:02,2015-06-13 18:25:45,Maquinacao,No User
2734,2,PA66 GF40,Automovel,67000,3,0,80,2015-06-16 10:20:36,2015-06-18 19:07:39,Maquinacao de Eletrodos,No User
2734,2,PA66 GF40,Automovel,67000,3,0,80,2015-06-16 15:16:00,2015-06-19 03:27:59,Erosao,No User
2734,2,PA66 GF40,Automovel,67000,3,0,80,2015-06-16 15:46:42,2015-06-16 16:14:34,Maquinacao de Eletrodos,No User
2734,2,PA66 GF40,Automovel,67000,3,0,80,2015-06-16 15:50:00,2015-06-19 04:24:50,Erosao,No User
2734,2,PA66 GF40,Automovel,67000,3,0,80,2015-06-16 16:14:34,2015-06-16 16:40:59,Maquinacao de Eletrodos,No User
2734,2,PA66 GF40,Automovel,67000,3,0,80,2015-06-16 16:27:00,2015-06-16 16:33:43,Erosao,No User
2734,2,PA66 GF40,Automovel,67000,3,0,80,2015-06-16 16:40:59,2015-06-19 06:30:48,Maquinacao de Eletrodos,No User
2734,2,PA66 GF40,Automovel,67000,3,0,80,2015-06-16 17:54:00,2015-06-19 13:55:17,Erosao,No User
2734,2,PA66 GF40,Automovel,67000,3,0,80,2015-06-24 14:50:24,2015-06-24 16:53:00,Maquinacao,No User
2734,2,PA66 GF40,Automovel,67000,3,0,80,2015-06-25 10:28:00,2015-06-28 07:00:12,Fio,User 40
2734,2,PA66 GF40,Automovel,67000,3,0,80,2015-06-26 16:21:34,2015-06-29 20:41:07,Polimento,User 106
2734,2,PA66 GF40,Automovel,67000,3,0,80,2015-06-30 08:17:44,2015-06-30 10:01:04,Fresagem,User 71
2734,2,PA66 GF40,Automovel,67000,3,0,80,2015-07-28 16:59:51,2015-07-31 22:32:18,Polimento,User 13
2734,2,PA66 GF40,Automovel,67000,3,0,80,2015-09-16 15:03:01,2015-09-20 00:40:15,Desenho Eletrodos,User 50
2734,2,PA66 GF40,Automovel,67000,3,0,80,2015-09-21 16:47:40,2015-09-25 10:07:24,Maquinacao de Eletrodos,No User
2734,2,PA66 GF40,Automovel,67000,3,0,80,2015-09-24 10:18:00,2015-09-28 09:52:59,Erosao,No User
2734,2,PA66 GF40,Automovel,67000,3,0,80,2015-09-24 17:25:02,2015-09-28 17:34:26,Polimento,User 13
2734,2,PA66 GF40,Automovel,67000,3,0,80,2015-09-28 09:29:35,2015-10-02 14:24:45,Erosao,No User
2734,2,PA66 GF40,Automovel,67000,3,0,80,2015-12-02 11:16:09,2015-12-06 16:57:42,Maquinacao de Eletrodos,No User
2734,2,PA66 GF40,Automovel,67000,3,0,80,2015-12-03 11:00:09,2015-12-07 18:31:23,Erosao,User 97
2734,2,PA66 GF40,Automovel,67000,3,0,80,2015-12-04 09:16:37,2015-12-04 10:31:55,Polimento,User 13
2734,2,PA66 GF40,Automovel,67000,3,0,80,2016-01-18 19:36:27,2016-01-23 03:50:38,Maquinacao de Eletrodos,No User
2734,2,PA66 GF40,Automovel,67000,3,0,0,2015-06-09 10:48:05,2015-06-09 11:27:17,Fresagem,User 72
2734,2,PA66 GF40,Automovel,67000,3,0,0,2015-06-11 11:42:41,2015-06-11 12:19:05,Furacao,User 65
2734,2,PA66 GF40,Automovel,67000,3,0,0,2015-09-24 10:48:30,2015-09-24 13:15:00,Torno,User 51
2734,2,PA66 GF40,Automovel,67000,3,0,0,2015-12-02 09:55:05,2015-12-02 12:53:48,Erosao,User 97
2734,2,PA66 GF40,Automovel,67000,3,0,52,2015-06-11 20:06:16,2015-06-11 20:15:06,Maquinacao,No User
2734,2,PA66 GF40,Automovel,67000,3,0,413,2015-06-26 15:46:47,2015-06-26 17:27:35,Fresagem,User 72
2735,1,PA66 GF40,Automovel,43000,3,0,900,2015-03-30 08:53:03,2015-03-30 12:30:03,Estrutura,User 25
2735,1,PA66 GF40,Automovel,43000,3,0,900,2015-03-30 13:30:34,2015-04-01 01:30:35,Preliminares,User 25
2735,1,PA66 GF40,Automovel,43000,3,0,900,2015-04-07 11:18:49,2015-04-07 12:30:00,Estrutura,User 25
2735,1,PA66 GF40,Automovel,43000,3,0,900,2015-04-07 13:30:13,2015-04-09 10:29:51,Preliminares,User 25
2735,1,PA66 GF40,Automovel,43000,3,0,900,2015-04-28 11:31:15,2015-04-30 09:05:36,Estrutura,User 25
2735,1,PA66 GF40,Automovel,43000,3,0,900,2015-04-28 13:39:19,2015-04-28 14:24:00,Preliminares,User 25
2735,1,PA66 GF40,Automovel,43000,3,0,900,2015-04-28 15:11:04,2015-04-28 15:41:12,Estudos Reologicos,User 22
2735,1,PA66 GF40,Automovel,43000,3,0,900,2015-04-28 15:49:15,2015-04-30 17:21:51,Preliminares,User 22
2735,1,PA66 GF40,Automovel,43000,3,0,900,2015-04-29 11:46:11,2015-04-29 12:29:50,Estrutura,User 25
2735,1,PA66 GF40,Automovel,43000,3,0,900,2015-04-29 13:28:45,2015-05-01 18:57:23,Preliminares,User 22
2735,1,PA66 GF40,Automovel,43000,3,0,900,2015-04-29 16:43:38,2015-04-29 17:00:25,Estrutura,User 22
2735,1,PA66 GF40,Automovel,43000,3,0,900,2015-04-30 07:59:51,2015-05-02 16:25:02,Preliminares,User 25
2735,1,PA66 GF40,Automovel,43000,3,0,900,2015-04-30 11:21:01,2015-04-30 11:45:36,Estrutura,User 22
2735,1,PA66 GF40,Automovel,43000,3,0,900,2015-04-30 11:56:21,2015-05-03 01:40:48,Preliminares,User 25
2735,1,PA66 GF40,Automovel,43000,3,0,900,2015-05-04 10:44:21,2015-05-07 01:32:46,Estrutura,User 25
2735,1,PA66 GF40,Automovel,43000,3,0,900,2015-05-04 13:29:18,2015-05-07 10:28:05,Preliminares,User 25
2735,1,PA66 GF40,Automovel,43000,3,0,900,2015-05-08 15:01:20,2015-05-08 15:24:20,Estrutura,User 25
2735,1,PA66 GF40,Automovel,43000,3,0,900,2015-05-08 15:47:54,2015-05-11 15:52:15,Preliminares,User 25
2735,1,PA66 GF40,Automovel,43000,3,0,900,2015-05-11 11:18:40,2015-05-14 13:45:07,Estrutura,User 25
2735,1,PA66 GF40,Automovel,43000,3,0,900,2015-05-12 08:00:25,2015-05-15 22:52:40,Preliminares,User 25
2735,1,PA66 GF40,Automovel,43000,3,0,900,2015-05-15 11:19:09,2015-05-15 11:36:28,Estrutura,User 25
2735,1,PA66 GF40,Automovel,43000,3,0,900,2015-05-15 13:33:48,2015-05-15 14:20:58,Preliminares,User 25
2735,1,PA66 GF40,Automovel,43000,3,0,900,2015-05-19 15:26:34,2015-05-23 09:02:07,Estrutura,User 25
2735,1,PA66 GF40,Automovel,43000,3,0,900,2015-05-20 08:03:04,2015-05-24 02:16:41,Preliminares,User 22
2735,1,PA66 GF40,Automovel,43000,3,0,900,2015-05-20 09:04:13,2015-05-20 09:58:31,Estrutura,User 22
2735,1,PA66 GF40,Automovel,43000,3,0,900,2015-05-20 13:32:13,2015-05-20 16:07:38,Preliminares,User 25
2735,1,PA66 GF40,Automovel,43000,3,0,900,2015-05-22 12:19:04,2015-05-22 12:19:06,Estrutura,User 22
2735,1,PA66 GF40,Automovel,43000,3,0,900,2015-05-25 16:37:11,2015-05-30 08:09:19,Fresagem,User 74
2735,1,PA66 GF40,Automovel,43000,3,0,900,2015-05-28 10:42:20,2015-05-28 11:23:59,Estrutura,User 25
2735,1,PA66 GF40,Automovel,43000,3,0,900,2015-05-28 13:41:10,2015-06-02 14:59:23,Fresagem,User 74
2735,1,PA66 GF40,Automovel,43000,3,0,900,2015-06-04 16:01:12,2015-06-04 17:39:48,Estrutura,User 25
2735,1,PA66 GF40,Automovel,43000,3,0,900,2015-06-05 10:00:55,2015-06-10 21:19:08,Bancada,User 92
2735,1,PA66 GF40,Automovel,43000,3,0,900,2015-06-06 08:18:16,2015-06-06 12:14:56,Retificacao,User 37
2735,1,PA66 GF40,Automovel,43000,3,0,900,2015-06-08 08:04:03,2015-06-08 10:24:31,Bancada,User 92
2735,1,PA66 GF40,Automovel,43000,3,0,900,2015-06-08 13:46:23,2015-06-14 07:46:07,Retificacao,User 37
2735,1,PA66 GF40,Automovel,43000,3,0,900,2015-06-11 08:47:50,2015-06-20 15:09:32,Bancada,User 15
2735,1,PA66 GF40,Automovel,43000,3,0,900,2015-06-24 08:02:45,2015-07-03 23:32:21,Prensa,User 15
2735,1,PA66 GF40,Automovel,43000,3,0,900,2015-06-24 18:10:45,2015-07-04 18:01:53,Bancada,User 15
2735,1,PA66 GF40,Automovel,43000,3,0,900,2015-06-25 17:52:15,2015-06-25 18:32:13,Polimento,User 106
2735,1,PA66 GF40,Automovel,43000,3,0,900,2015-06-26 08:00:31,2015-06-26 12:29:55,Bancada,User 15
2735,1,PA66 GF40,Automovel,43000,3,0,900,2015-06-26 08:04:32,2015-06-26 08:06:45,Polimento,User 106
2735,1,PA66 GF40,Automovel,43000,3,0,900,2015-06-26 13:29:37,2015-07-06 20:18:23,Bancada,User 15
2735,1,PA66 GF40,Automovel,43000,3,0,900,2015-06-27 09:48:50,2015-06-27 10:58:48,Fresagem,User 74
2735,1,PA66 GF40,Automovel,43000,3,0,900,2015-06-29 08:00:09,2015-07-10 05:52:18,Bancada,User 64
2735,1,PA66 GF40,Automovel,43000,3,0,900,2015-07-06 08:14:34,2015-07-06 09:27:47,Fresagem,User 72
2735,1,PA66 GF40,Automovel,43000,3,0,900,2015-07-07 08:29:38,2015-07-07 08:38:14,Bancada,User 64
2735,1,PA66 GF40,Automovel,43000,3,0,900,2015-07-14 11:39:39,2015-07-14 12:29:27,Estrutura,User 22
2735,1,PA66 GF40,Automovel,43000,3,0,900,2015-07-14 13:25:40,2015-07-14 14:21:29,Preliminares,User 22
2735,1,PA66 GF40,Automovel,43000,3,0,900,2015-07-14 13:41:19,2015-07-14 15:05:06,Fresagem,User 71
2735,1,PA66 GF40,Automovel,43000,3,0,900,2015-07-21 09:41:51,2015-08-01 09:36:11,Pecas,User 24
2735,1,PA66 GF40,Automovel,43000,3,0,900,2015-07-21 13:27:26,2015-08-02 05:32:43,Bancada,User 92
2735,1,PA66 GF40,Automovel,43000,3,0,900,2015-09-04 16:51:43,2015-09-04 17:10:38,Fresagem,User 74
2735,1,PA66 GF40,Automovel,43000,3,0,900,2015-09-16 10:37:41,2015-09-16 12:30:56,Estrutura,User 22
2735,1,PA66 GF40,Automovel,43000,3,0,900,2015-09-16 13:38:07,2015-09-16 17:18:50,Preliminares,User 22
2735,1,PA66 GF40,Automovel,43000,3,0,900,2015-09-17 07:57:23,2015-09-17 08:34:46,Bancada,User 64
2735,1,PA66 GF40,Automovel,43000,3,0,900,2015-09-17 07:58:24,2015-09-17 07:58:29,Preliminares,User 22
2735,1,PA66 GF40,Automovel,43000,3,0,900,2015-09-23 13:28:50,2015-09-23 16:40:59,Estrutura,User 27
2735,1,PA66 GF40,Automovel,43000,3,0,900,2015-09-23 15:56:44,2015-09-23 18:58:26,Bancada,User 64
2735,1,PA66 GF40,Automovel,43000,3,0,900,2015-09-24 08:22:26,2015-09-24 10:02:32,Fresagem,User 71
2735,1,PA66 GF40,Automovel,43000,3,0,900,2015-09-25 08:19:14,2015-10-08 03:56:12,Bancada,User 64
2735,1,PA66 GF40,Automovel,43000,3,0,900,2015-11-26 08:00:55,2015-11-26 11:41:53,Estrutura,User 25
2735,1,PA66 GF40,Automovel,43000,3,0,900,2015-11-26 15:07:00,2015-11-26 16:59:59,Preliminares,User 25
2735,1,PA66 GF40,Automovel,43000,3,0,900,2015-11-30 09:24:59,2015-11-30 12:31:00,Bancada,User 64
2735,1,PA66 GF40,Automovel,43000,3,0,900,2015-12-02 09:43:50,2015-12-02 11:17:32,Estrutura,User 25
2735,1,PA66 GF40,Automovel,43000,3,0,900,2015-12-04 14:51:49,2015-12-18 08:21:50,Bancada,User 76
2735,1,PA66 GF40,Automovel,43000,3,0,900,2015-12-11 15:23:17,2015-12-11 16:12:24,Fresagem,User 71
2735,1,PA66 GF40,Automovel,43000,3,0,900,2015-12-12 09:01:25,2015-12-12 09:04:56,Bancada,User 76
2735,1,PA66 GF40,Automovel,43000,3,0,100,2015-05-13 21:04:49,2015-05-14 08:38:19,Maquinacao,No User
2735,1,PA66 GF40,Automovel,43000,3,0,100,2015-05-19 17:37:00,2015-05-20 11:30:40,Fio,User 40
2735,1,PA66 GF40,Automovel,43000,3,0,100,2015-05-26 08:13:48,2015-05-27 06:45:16,Retificacao,User 37
2735,1,PA66 GF40,Automovel,43000,3,0,100,2015-05-27 19:57:01,2015-05-29 02:17:21,CAM,User 50
2735,1,PA66 GF40,Automovel,43000,3,0,100,2015-05-29 16:47:19,2015-05-31 02:39:54,Maquinacao,User 50
2735,1,PA66 GF40,Automovel,43000,3,0,100,2015-05-29 20:26:23,2015-05-29 21:05:20,CAM,User 50
2735,1,PA66 GF40,Automovel,43000,3,0,100,2015-05-29 20:57:03,2015-06-01 09:12:21,Maquinacao,No User
2735,1,PA66 GF40,Automovel,43000,3,0,100,2015-06-01 13:24:51,2015-06-05 04:59:35,Maquinacao de Eletrodos,No User
2735,1,PA66 GF40,Automovel,43000,3,0,100,2015-06-08 16:47:18,2015-06-13 15:41:09,Erosao,User 97
2735,1,PA66 GF40,Automovel,43000,3,0,100,2015-06-17 14:52:00,2015-06-22 13:53:07,Fio,No User
2735,1,PA66 GF40,Automovel,43000,3,0,100,2015-06-18 19:37:42,2015-06-18 19:52:03,CAM,User 50
2735,1,PA66 GF40,Automovel,43000,3,0,100,2015-06-19 05:18:44,2015-06-24 05:37:20,Maquinacao,No User
2735,1,PA66 GF40,Automovel,43000,3,0,100,2015-06-19 11:19:03,2015-06-19 11:27:39,Maquinacao de Eletrodos,No User
2735,1,PA66 GF40,Automovel,43000,3,0,100,2015-06-19 11:53:00,2015-06-24 13:43:39,Erosao,User 39
2735,1,PA66 GF40,Automovel,43000,3,0,100,2015-06-24 09:10:25,2015-06-29 11:49:59,Maquinacao de Eletrodos,No User
2735,1,PA66 GF40,Automovel,43000,3,0,100,2015-06-25 11:00:42,2015-06-25 16:39:57,Erosao,User 41
2735,1,PA66 GF40,Automovel,43000,3,0,100,2015-06-26 08:50:26,2015-07-01 13:15:25,Polimento,User 106
2735,1,PA66 GF40,Automovel,43000,3,0,100,2015-07-26 18:19:02,2015-08-01 11:29:27,Maquinacao de Eletrodos,No User
2735,1,PA66 GF40,Automovel,43000,3,0,100,2015-07-28 12:13:00,2015-08-03 09:35:40,Erosao,User 41
2735,1,PA66 GF40,Automovel,43000,3,0,100,2015-07-28 18:44:34,2015-07-28 19:07:13,Polimento,User 13
2735,1,PA66 GF40,Automovel,43000,3,0,100,2015-07-28 20:36:44,2015-07-28 21:25:49,Erosao,User 41
2735,1,PA66 GF40,Automovel,43000,3,0,100,2015-07-29 09:36:14,2015-07-29 10:15:04,Polimento,User 13
2735,1,PA66 GF40,Automovel,43000,3,0,100,2015-09-21 11:57:55,2015-09-21 12:58:16,Desenho Eletrodos,User 43
2735,1,PA66 GF40,Automovel,43000,3,0,100,2015-09-23 16:38:42,2015-09-29 16:49:11,Maquinacao de Eletrodos,User 42
2735,1,PA66 GF40,Automovel,43000,3,0,100,2015-09-25 08:44:00,2015-09-25 09:06:00,Erosao,No User
2735,1,PA66 GF40,Automovel,43000,3,0,100,2015-09-25 08:48:24,2015-09-25 08:55:06,Maquinacao de Eletrodos,No User
2735,1,PA66 GF40,Automovel,43000,3,0,100,2015-09-25 08:58:45,2015-10-01 12:14:43,Erosao,No User
2735,1,PA66 GF40,Automovel,43000,3,0,100,2015-09-25 09:54:43,2015-09-25 10:18:53,Maquinacao de Eletrodos,User 42
2735,1,PA66 GF40,Automovel,43000,3,0,100,2015-09-25 09:57:00,2015-09-25 10:08:00,Erosao,No User
2735,1,PA66 GF40,Automovel,43000,3,0,100,2015-09-25 10:06:15,2015-09-25 10:12:34,Maquinacao de Eletrodos,No User
2735,1,PA66 GF40,Automovel,43000,3,0,100,2015-09-25 10:08:00,2015-09-25 10:30:00,Erosao,No User
2735,1,PA66 GF40,Automovel,43000,3,0,100,2015-09-25 10:13:34,2015-10-01 16:36:37,Maquinacao de Eletrodos,User 42
2735,1,PA66 GF40,Automovel,43000,3,0,100,2015-09-25 10:31:00,2015-10-01 21:29:27,Erosao,No User
2735,1,PA66 GF40,Automovel,43000,3,0,100,2015-09-25 13:55:51,2015-10-02 01:00:32,Maquinacao de Eletrodos,No User
2735,1,PA66 GF40,Automovel,43000,3,0,100,2015-09-25 14:24:00,2015-10-02 13:45:38,Erosao,User 97
2735,1,PA66 GF40,Automovel,43000,3,0,100,2015-09-28 14:20:14,2015-10-05 14:10:58,Maquinacao de Eletrodos,No User
2735,1,PA66 GF40,Automovel,43000,3,0,100,2015-09-28 15:28:40,2015-10-05 18:22:01,Erosao,User 97
2735,1,PA66 GF40,Automovel,43000,3,0,100,2015-12-01 12:24:46,2015-12-08 16:13:45,Maquinacao de Eletrodos,No User
2735,1,PA66 GF40,Automovel,43000,3,0,100,2015-12-01 14:36:25,2015-12-08 19:44:42,Erosao,No User
2735,1,PA66 GF40,Automovel,43000,3,0,100,2015-12-02 11:41:36,2015-12-09 17:12:54,Maquinacao de Eletrodos,No User
2735,1,PA66 GF40,Automovel,43000,3,0,100,2015-12-02 14:40:36,2015-12-09 21:40:12,Erosao,No User
2735,1,PA66 GF40,Automovel,43000,3,0,100,2016-01-18 20:19:24,2016-01-18 20:28:17,Maquinacao de Eletrodos,No User
2735,1,PA66 GF40,Automovel,43000,3,0,0,2015-05-14 03:25:20,2015-05-14 03:30:22,Maquinacao,No User
2735,1,PA66 GF40,Automovel,43000,3,0,0,2015-06-11 12:19:05,2015-06-11 13:30:54,Furacao,User 65
2735,1,PA66 GF40,Automovel,43000,3,0,0,2015-07-07 08:38:14,2015-07-07 20:06:37,Bancada,User 64
2735,1,PA66 GF40,Automovel,43000,3,0,200,2015-05-19 17:37:00,2015-05-19 23:40:20,Fio,No User
2735,1,PA66 GF40,Automovel,43000,3,0,200,2015-05-20 08:11:00,2015-05-21 03:32:24,Maquinacao,No User
2735,1,PA66 GF40,Automovel,43000,3,0,200,2015-05-26 13:48:17,2015-05-27 15:19:20,Retificacao,User 37
2735,1,PA66 GF40,Automovel,43000,3,0,200,2015-05-30 08:14:30,2015-05-31 19:55:37,CAM,User 50
2735,1,PA66 GF40,Automovel,43000,3,0,200,2015-06-01 11:04:12,2015-06-04 04:03:31,Maquinacao,No User
2735,1,PA66 GF40,Automovel,43000,3,0,200,2015-06-02 20:12:51,2015-06-06 20:06:32,Maquinacao de Eletrodos,No User
2735,1,PA66 GF40,Automovel,43000,3,0,200,2015-06-05 16:48:16,2015-06-11 08:53:53,Erosao,User 97
2735,1,PA66 GF40,Automovel,43000,3,0,200,2015-06-08 11:49:29,2015-06-14 08:12:18,Maquinacao de Eletrodos,No User
2735,1,PA66 GF40,Automovel,43000,3,0,200,2015-06-11 11:33:48,2015-06-18 11:25:03,Erosao,No User
2735,1,PA66 GF40,Automovel,43000,3,0,200,2015-06-16 10:02:00,2015-06-23 10:52:37,Fio,No User
2735,1,PA66 GF40,Automovel,43000,3,0,200,2015-06-17 14:09:15,2015-06-24 18:54:12,Maquinacao de Eletrodos,No User
2735,1,PA66 GF40,Automovel,43000,3,0,200,2015-06-17 18:02:49,2015-06-25 03:08:45,Erosao,No User
2735,1,PA66 GF40,Automovel,43000,3,0,200,2015-06-18 19:52:31,2015-06-18 21:06:10,CAM,User 50
2735,1,PA66 GF40,Automovel,43000,3,0,200,2015-06-19 02:45:15,2015-06-26 15:58:55,Maquinacao,No User
2735,1,PA66 GF40,Automovel,43000,3,0,200,2015-06-19 10:23:00,2015-06-26 23:42:37,Fio,No User
2735,1,PA66 GF40,Automovel,43000,3,0,200,2015-06-19 11:27:39,2015-06-19 11:41:17,Maquinacao de Eletrodos,No User
2735,1,PA66 GF40,Automovel,43000,3,0,200,2015-06-19 11:32:00,2015-06-27 00:53:51,Fio,No User
2735,1,PA66 GF40,Automovel,43000,3,0,200,2015-06-19 11:41:17,2015-06-19 11:51:21,Maquinacao de Eletrodos,No User
2735,1,PA66 GF40,Automovel,43000,3,0,200,2015-06-19 11:43:00,2015-06-19 11:43:53,Fio,No User
2735,1,PA66 GF40,Automovel,43000,3,0,200,2015-06-19 11:51:21,2015-06-19 12:07:34,Maquinacao de Eletrodos,No User
2735,1,PA66 GF40,Automovel,43000,3,0,200,2015-06-19 11:54:00,2015-06-27 01:25:48,Fio,No User
2735,1,PA66 GF40,Automovel,43000,3,0,200,2015-06-23 11:39:00,2015-07-01 02:58:44,Erosao,User 39
2735,1,PA66 GF40,Automovel,43000,3,0,200,2015-06-24 09:38:53,2015-07-02 01:21:36,Maquinacao de Eletrodos,No User
2735,1,PA66 GF40,Automovel,43000,3,0,200,2015-06-24 18:45:42,2015-07-02 12:14:31,Fresagem,User 71
2735,1,PA66 GF40,Automovel,43000,3,0,200,2015-06-25 11:18:22,2015-06-25 12:32:12,Polimento,User 106
2735,1,PA66 GF40,Automovel,43000,3,0,200,2015-06-25 11:56:30,2015-06-25 12:41:39,Fresagem,User 71
2735,1,PA66 GF40,Automovel,43000,3,0,200,2015-06-25 13:32:22,2015-06-25 14:36:51,Polimento,User 106
2735,1,PA66 GF40,Automovel,43000,3,0,200,2015-06-25 13:41:40,2015-06-25 13:54:04,Fresagem,User 71
2735,1,PA66 GF40,Automovel,43000,3,0,200,2015-06-25 14:44:06,2015-07-03 11:51:39,Polimento,User 106
2735,1,PA66 GF40,Automovel,43000,3,0,200,2015-07-01 07:35:40,2015-07-09 05:48:39,Maquinacao de Eletrodos,No User
2735,1,PA66 GF40,Automovel,43000,3,0,200,2015-07-03 03:10:00,2015-07-11 02:50:59,Erosao,No User
2735,1,PA66 GF40,Automovel,43000,3,0,200,2015-07-03 07:14:14,2015-07-03 07:30:31,Maquinacao de Eletrodos,No User
2735,1,PA66 GF40,Automovel,43000,3,0,200,2015-07-03 08:22:00,2015-07-11 12:09:52,Erosao,User 97
2735,1,PA66 GF40,Automovel,43000,3,0,200,2015-07-03 09:00:07,2015-07-11 13:06:29,Maquinacao de Eletrodos,No User
2735,1,PA66 GF40,Automovel,43000,3,0,200,2015-07-03 09:20:00,2015-07-11 14:17:22,Erosao,No User
2735,1,PA66 GF40,Automovel,43000,3,0,200,2015-07-21 18:46:46,2015-07-30 00:43:47,Polimento,User 13
2735,1,PA66 GF40,Automovel,43000,3,0,200,2015-07-24 21:10:15,2015-07-24 23:20:16,Desenho Eletrodos,User 50
2735,1,PA66 GF40,Automovel,43000,3,0,200,2015-07-27 17:09:09,2015-08-05 03:47:41,Maquinacao de Eletrodos,No User
2735,1,PA66 GF40,Automovel,43000,3,0,200,2015-07-28 14:43:34,2015-07-28 16:49:29,Erosao,User 41
2735,1,PA66 GF40,Automovel,43000,3,0,200,2015-07-28 14:55:50,2015-08-06 01:45:58,Maquinacao de Eletrodos,No User
2735,1,PA66 GF40,Automovel,43000,3,0,200,2015-07-28 16:49:29,2015-07-28 18:08:14,Erosao,User 41
2735,1,PA66 GF40,Automovel,43000,3,0,200,2015-07-28 19:32:03,2015-08-06 08:27:24,Polimento,User 13
2735,1,PA66 GF40,Automovel,43000,3,0,200,2015-09-23 17:59:14,2015-10-02 11:47:24,Maquinacao de Eletrodos,No User
2735,1,PA66 GF40,Automovel,43000,3,0,200,2015-09-24 16:42:49,2015-10-03 11:53:33,Maquinacao,No User
2735,1,PA66 GF40,Automovel,43000,3,0,200,2015-09-25 08:43:36,2015-10-04 05:28:15,Maquinacao de Eletrodos,No User
2735,1,PA66 GF40,Automovel,43000,3,0,200,2015-09-29 09:58:00,2015-10-09 00:24:04,Erosao,User 97
2735,1,PA66 GF40,Automovel,43000,3,0,200,2015-10-14 14:03:11,2015-10-14 15:53:49,Polimento,User 13
2735,1,PA66 GF40,Automovel,43000,3,0,200,2015-12-01 12:52:33,2015-12-11 05:06:06,Maquinacao de Eletrodos,No User
2735,1,PA66 GF40,Automovel,43000,3,0,200,2015-12-01 15:23:48,2015-12-11 09:22:09,Erosao,No User
2735,1,PA66 GF40,Automovel,43000,3,0,200,2015-12-01 16:17:38,2015-12-01 16:54:11,Maquinacao de Eletrodos,User 42
2735,1,PA66 GF40,Automovel,43000,3,0,200,2015-12-01 16:20:00,2015-12-11 10:23:21,Erosao,No User
2735,1,PA66 GF40,Automovel,43000,3,0,200,2015-12-01 16:31:38,2015-12-01 16:33:41,Maquinacao de Eletrodos,No User
2735,1,PA66 GF40,Automovel,43000,3,0,200,2015-12-02 08:23:02,2015-12-12 03:01:15,Erosao,No User
2735,1,PA66 GF40,Automovel,43000,3,0,200,2015-12-02 08:33:04,2015-12-12 04:08:26,Maquinacao de Eletrodos,No User
2735,1,PA66 GF40,Automovel,43000,3,0,200,2015-12-02 11:05:22,2015-12-02 11:14:53,Erosao,User 97
2735,1,PA66 GF40,Automovel,43000,3,0,200,2015-12-02 11:53:47,2015-12-12 07:48:13,Maquinacao de Eletrodos,No User
2735,1,PA66 GF40,Automovel,43000,3,0,200,2015-12-02 13:59:27,2015-12-12 10:56:02,Erosao,No User
2735,1,PA66 GF40,Automovel,43000,3,0,200,2015-12-04 16:48:54,2015-12-14 14:15:32,Polimento,User 13
2735,1,PA66 GF40,Automovel,43000,3,0,2,2015-05-22 17:56:07,2015-05-24 10:29:06,Maquinacao,No User
2735,1,PA66 GF40,Automovel,43000,3,0,3,2015-05-25 10:20:15,2015-05-26 11:02:31,Maquinacao,No User
2735,1,PA66 GF40,Automovel,43000,3,0,3,2015-06-25 08:24:23,2015-06-26 11:52:21,Furacao,User 65
2735,1,PA66 GF40,Automovel,43000,3,0,3,2015-06-25 17:53:37,2015-06-25 18:12:03,Fresagem,User 65
2735,1,PA66 GF40,Automovel,43000,3,0,1,2015-05-26 02:20:57,2015-05-26 07:25:20,Maquinacao,No User
2735,1,PA66 GF40,Automovel,43000,3,0,9,2015-05-26 05:25:53,2015-05-26 13:29:48,Maquinacao,No User
2735,1,PA66 GF40,Automovel,43000,3,0,5,2015-05-26 08:20:26,2015-05-26 19:40:14,Maquinacao,No User
2735,1,PA66 GF40,Automovel,43000,3,0,7,2015-05-26 13:40:36,2015-05-26 18:31:55,Maquinacao,No User
2735,1,PA66 GF40,Automovel,43000,3,0,8,2015-05-26 16:24:53,2015-05-26 20:03:52,Maquinacao,No User
2735,1,PA66 GF40,Automovel,43000,3,0,80,2015-05-28 16:38:23,2015-05-29 06:16:40,Fresagem,User 72
2735,1,PA66 GF40,Automovel,43000,3,0,80,2015-06-08 18:20:07,2015-06-08 19:46:23,CAM,User 50
2735,1,PA66 GF40,Automovel,43000,3,0,80,2015-06-09 18:13:03,2015-06-10 22:07:54,Maquinacao,No User
2735,1,PA66 GF40,Automovel,43000,3,0,80,2015-06-11 10:55:29,2015-06-11 11:13:01,Fresagem,User 71
2735,1,PA66 GF40,Automovel,43000,3,0,80,2015-06-12 13:29:24,2015-06-12 15:16:19,CAM,User 50
2735,1,PA66 GF40,Automovel,43000,3,0,80,2015-06-12 18:28:10,2015-06-14 04:58:38,Maquinacao,No User
2735,1,PA66 GF40,Automovel,43000,3,0,80,2015-06-13 02:56:36,2015-06-14 23:48:14,Maquinacao de Eletrodos,No User
2735,1,PA66 GF40,Automovel,43000,3,0,80,2015-06-13 03:49:53,2015-06-15 02:46:18,Maquinacao,No User
2735,1,PA66 GF40,Automovel,43000,3,0,80,2015-06-13 04:29:45,2015-06-13 04:38:05,Maquinacao de Eletrodos,No User
2735,1,PA66 GF40,Automovel,43000,3,0,80,2015-06-13 04:30:46,2015-06-13 04:40:09,Maquinacao,No User
2735,1,PA66 GF40,Automovel,43000,3,0,80,2015-06-13 04:38:06,2015-06-13 04:45:25,Maquinacao de Eletrodos,No User
2735,1,PA66 GF40,Automovel,43000,3,0,80,2015-06-13 04:41:07,2015-06-13 04:47:26,Maquinacao,No User
2735,1,PA66 GF40,Automovel,43000,3,0,80,2015-06-13 04:45:25,2015-06-13 05:09:06,Maquinacao de Eletrodos,No User
2735,1,PA66 GF40,Automovel,43000,3,0,80,2015-06-13 04:48:51,2015-06-15 04:03:31,Maquinacao,No User
2735,1,PA66 GF40,Automovel,43000,3,0,80,2015-06-13 05:09:06,2015-06-13 05:32:50,Maquinacao de Eletrodos,No User
2735,1,PA66 GF40,Automovel,43000,3,0,80,2015-06-13 05:12:53,2015-06-15 04:30:42,Maquinacao,No User
2735,1,PA66 GF40,Automovel,43000,3,0,80,2015-06-13 05:32:51,2015-06-15 05:37:59,Maquinacao de Eletrodos,No User
2735,1,PA66 GF40,Automovel,43000,3,0,80,2015-06-13 06:15:46,2015-06-15 08:15:53,Maquinacao,User 50
2735,1,PA66 GF40,Automovel,43000,3,0,80,2015-06-13 06:20:12,2015-06-15 09:16:29,Maquinacao de Eletrodos,No User
2735,1,PA66 GF40,Automovel,43000,3,0,80,2015-06-13 07:01:51,2015-06-15 10:20:16,Maquinacao,No User
2735,1,PA66 GF40,Automovel,43000,3,0,80,2015-06-13 07:16:23,2015-06-13 07:54:12,Maquinacao de Eletrodos,No User
2735,1,PA66 GF40,Automovel,43000,3,0,80,2015-06-13 07:25:04,2015-06-15 11:48:47,Maquinacao,No User
2735,1,PA66 GF40,Automovel,43000,3,0,80,2015-06-13 07:54:12,2015-06-13 08:40:32,Maquinacao de Eletrodos,No User
2735,1,PA66 GF40,Automovel,43000,3,0,80,2015-06-13 08:12:46,2015-06-15 13:02:04,Maquinacao,No User
2735,1,PA66 GF40,Automovel,43000,3,0,80,2015-06-13 08:40:33,2015-06-13 11:36:26,Maquinacao de Eletrodos,No User
2735,1,PA66 GF40,Automovel,43000,3,0,80,2015-06-13 08:44:07,2015-06-15 14:45:39,Maquinacao,No User
2735,1,PA66 GF40,Automovel,43000,3,0,80,2015-06-13 11:37:26,2015-06-16 07:21:08,Maquinacao de Eletrodos,No User
2735,1,PA66 GF40,Automovel,43000,3,0,80,2015-06-15 10:59:04,2015-06-18 11:54:37,Maquinacao,No User
2735,1,PA66 GF40,Automovel,43000,3,0,80,2015-06-22 11:24:59,2015-06-22 12:05:10,Polimento,User 106
2735,1,PA66 GF40,Automovel,43000,3,0,80,2015-06-23 15:17:48,2015-06-23 15:49:14,Fresagem,User 71
2735,1,PA66 GF40,Automovel,43000,3,0,80,2015-06-25 08:31:30,2015-06-28 11:43:25,Polimento,User 13
2735,1,PA66 GF40,Automovel,43000,3,0,80,2015-06-26 16:20:20,2015-06-26 17:27:29,Fresagem,User 71
2735,1,PA66 GF40,Automovel,43000,3,0,80,2015-07-28 18:12:45,2015-07-28 18:44:34,Polimento,User 13
2735,1,PA66 GF40,Automovel,43000,3,0,80,2015-09-23 07:21:58,2015-09-23 13:01:39,Desenho Eletrodos,User 43
2735,1,PA66 GF40,Automovel,43000,3,0,80,2015-09-24 09:52:12,2015-09-27 19:55:33,Maquinacao de Eletrodos,No User
2735,1,PA66 GF40,Automovel,43000,3,0,80,2015-09-25 08:15:32,2015-09-25 08:58:53,Fresagem,User 71
2735,1,PA66 GF40,Automovel,43000,3,0,80,2015-09-28 12:23:21,2015-10-02 05:26:56,Erosao,No User
2735,1,PA66 GF40,Automovel,43000,3,0,80,2015-12-01 13:46:18,2015-12-05 09:48:55,Maquinacao de Eletrodos,No User
2735,1,PA66 GF40,Automovel,43000,3,0,80,2015-12-03 13:48:49,2015-12-07 11:51:22,Erosao,User 97
2735,1,PA66 GF40,Automovel,43000,3,0,80,2015-12-04 09:09:15,2015-12-08 08:06:56,Polimento,User 13
2735,1,PA66 GF40,Automovel,43000,3,0,80,2016-01-18 20:28:18,2016-01-22 21:28:58,Maquinacao de Eletrodos,No User
2735,1,PA66 GF40,Automovel,43000,3,0,81,2015-05-28 19:06:40,2015-05-29 09:23:12,Fresagem,User 74
2735,1,PA66 GF40,Automovel,43000,3,0,81,2015-06-08 21:05:51,2015-06-08 21:52:11,CAM,User 50
2735,1,PA66 GF40,Automovel,43000,3,0,81,2015-06-09 17:17:07,2015-06-10 09:04:50,Maquinacao,No User
2735,1,PA66 GF40,Automovel,43000,3,0,81,2015-06-10 06:57:22,2015-06-10 07:05:06,CAM,User 50
2735,1,PA66 GF40,Automovel,43000,3,0,81,2015-06-23 15:55:06,2015-06-23 16:21:17,Polimento,User 106
2735,1,PA66 GF40,Automovel,43000,3,0,81,2015-07-28 01:15:00,2015-07-28 20:14:23,Erosao,User 39
2735,1,PA66 GF40,Automovel,43000,3,0,81,2015-07-29 10:15:04,2015-07-29 10:19:35,Polimento,User 13
2735,1,PA66 GF40,Automovel,43000,3,0,81,2015-12-01 16:57:27,2015-12-02 08:33:04,Maquinacao de Eletrodos,User 42
2735,1,PA66 GF40,Automovel,43000,3,0,81,2015-12-02 16:02:54,2015-12-03 14:29:29,Erosao,User 39
2735,1,PA66 GF40,Automovel,43000,3,0,63,2015-06-02 09:07:37,2015-06-02 14:18:37,Retificacao,User 99
2735,1,PA66 GF40,Automovel,43000,3,0,62,2015-06-02 15:17:11,2015-06-02 22:03:00,Retificacao,User 99
2735,1,PA66 GF40,Automovel,43000,3,0,12,2015-06-03 08:15:52,2015-06-03 11:03:42,Torno,User 51
2735,1,PA66 GF40,Automovel,43000,3,0,12,2015-06-04 18:44:29,2015-06-04 22:06:50,Retificacao,User 99
2735,1,PA66 GF40,Automovel,43000,3,0,359,2015-06-05 14:51:00,2015-06-05 17:35:21,Torno,User 51
2735,1,PA66 GF40,Automovel,43000,3,0,32,2015-06-06 08:33:58,2015-06-06 10:33:39,Torno,User 51
2735,1,PA66 GF40,Automovel,43000,3,0,335,2015-06-08 09:18:57,2015-06-08 12:02:54,Torno,User 51
